"vp";"age";"sex";"pic_type";"pic_name";"freudig";"traurig";"zornig";"aengstlich";"ekelhaft";"ueberraschend"
"P1";"26";"mÃ¤nnlich";"Circles";"JodyPrody_Circles_02";"1";"4";"5";"4";"4";"3"
"P1";"26";"mÃ¤nnlich";"Circles";"JodyPrody_Circles_01";"5";"1";"1";"1";"1";"4"
"P1";"26";"mÃ¤nnlich";"Circles";"JodyPrody_Circles_03";"5";"1";"1";"1";"1";"1"
"P1";"26";"mÃ¤nnlich";"Circles";"JodyPrody_Circles_04";"5";"1";"1";"2";"2";"5"
"P1";"26";"mÃ¤nnlich";"Circles";"JodyPrody_Circles_05";"5";"1";"1";"1";"1";"1"
"P1";"26";"mÃ¤nnlich";"Circles";"JodyPrody_Circles_06";"5";"1";"1";"1";"1";"5"
"P1";"26";"mÃ¤nnlich";"Circles";"JodyPrody_Circles_07";"5";"1";"1";"1";"1";"5"
"P1";"26";"mÃ¤nnlich";"Circles";"JodyPrody_Circles_08";"5";"1";"1";"1";"1";"1"
"P1";"26";"mÃ¤nnlich";"Circles";"JodyPrody_Circles_09";"5";"1";"1";"1";"1";"1"
"P1";"26";"mÃ¤nnlich";"Circles";"JodyPrody_Circles_10";"5";"1";"1";"1";"1";"5"
"P1";"26";"mÃ¤nnlich";"Squares";"JodyPrody_Squares_01";"2";"2";"2";"2";"2";"5"
"P1";"26";"mÃ¤nnlich";"Squares";"JodyPrody_Squares_02";"5";"1";"1";"1";"1";"5"
"P1";"26";"mÃ¤nnlich";"Squares";"JodyPrody_Squares_03";"1";"4";"1";"4";"1";"1"
"P1";"26";"mÃ¤nnlich";"Squares";"JodyPrody_Squares_04";"1";"4";"1";"4";"4";"1"
"P1";"26";"mÃ¤nnlich";"Squares";"JodyPrody_Squares_05";"1";"5";"5";"5";"5";"5"
"P1";"26";"mÃ¤nnlich";"Squares";"JodyPrody_Squares_06";"1";"1";"1";"1";"1";"1"
"P1";"26";"mÃ¤nnlich";"Squares";"JodyPrody_Squares_07";"1";"5";"1";"5";"1";"5"
"P1";"26";"mÃ¤nnlich";"Squares";"JodyPrody_Squares_08";"3";"1";"1";"1";"1";"1"
"P1";"26";"mÃ¤nnlich";"Squares";"JodyPrody_Squares_09";"3";"3";"1";"3";"1";"1"
"P1";"26";"mÃ¤nnlich";"Squares";"JodyPrody_Squares_10";"1";"1";"1";"1";"1";"5"
"P1";"26";"mÃ¤nnlich";"Triangle";"JodyPrody_Triangle_01";"1";"5";"5";"5";"5";"5"
"P1";"26";"mÃ¤nnlich";"Triangle";"JodyPrody_Triangle_02";"5";"1";"1";"1";"1";"5"
"P1";"26";"mÃ¤nnlich";"Triangle";"JodyPrody_Triangle_03";"5";"1";"1";"1";"1";"5"
"P1";"26";"mÃ¤nnlich";"Triangle";"JodyPrody_Triangle_04";"4";"1";"4";"3";"1";"5"
"P1";"26";"mÃ¤nnlich";"Triangle";"JodyPrody_Triangle_05";"1";"5";"5";"5";"5";"5"
"P1";"26";"mÃ¤nnlich";"Triangle";"JodyPrody_Triangle_06";"1";"5";"5";"5";"4";"1"
"P1";"26";"mÃ¤nnlich";"Triangle";"JodyPrody_Triangle_07";"1";"5";"5";"5";"5";"5"
"P1";"26";"mÃ¤nnlich";"Triangle";"JodyPrody_Triangle_08";"5";"1";"1";"1";"1";"5"
"P1";"26";"mÃ¤nnlich";"Triangle";"JodyPrody_Triangle_09";"5";"1";"1";"1";"1";"1"
"P1";"26";"mÃ¤nnlich";"Triangle";"JodyPrody_Triangle_10";"5";"1";"1";"1";"5";"1"
"P2";"19";"weiblich";"Circles";"JodyPrody_Circles_02";"3";"4";"1";"2";"1";"4"
"P2";"19";"weiblich";"Circles";"JodyPrody_Circles_01";"4";"2";"1";"1";"1";"3"
"P2";"19";"weiblich";"Circles";"JodyPrody_Circles_03";"5";"1";"1";"1";"1";"3"
"P2";"19";"weiblich";"Circles";"JodyPrody_Circles_04";"4";"2";"1";"2";"1";"4"
"P2";"19";"weiblich";"Circles";"JodyPrody_Circles_05";"5";"2";"1";"1";"1";"4"
"P2";"19";"weiblich";"Circles";"JodyPrody_Circles_06";"5";"3";"1";"1";"1";"3"
"P2";"19";"weiblich";"Circles";"JodyPrody_Circles_07";"3";"4";"1";"1";"1";"3"
"P2";"19";"weiblich";"Circles";"JodyPrody_Circles_08";"5";"2";"1";"1";"1";"1"
"P2";"19";"weiblich";"Circles";"JodyPrody_Circles_09";"5";"2";"1";"1";"1";"3"
"P2";"19";"weiblich";"Circles";"JodyPrody_Circles_10";"1";"1";"1";"2";"1";"3"
"P2";"19";"weiblich";"Squares";"JodyPrody_Squares_01";"2";"1";"3";"3";"1";"4"
"P2";"19";"weiblich";"Squares";"JodyPrody_Squares_02";"4";"2";"5";"3";"1";"5"
"P2";"19";"weiblich";"Squares";"JodyPrody_Squares_03";"3";"4";"1";"5";"1";"3"
"P2";"19";"weiblich";"Squares";"JodyPrody_Squares_04";"1";"5";"2";"4";"1";"3"
"P2";"19";"weiblich";"Squares";"JodyPrody_Squares_05";"2";"5";"1";"5";"1";"4"
"P2";"19";"weiblich";"Squares";"JodyPrody_Squares_06";"1";"5";"5";"5";"2";"3"
"P2";"19";"weiblich";"Squares";"JodyPrody_Squares_07";"1";"5";"1";"5";"1";"1"
"P2";"19";"weiblich";"Squares";"JodyPrody_Squares_08";"5";"2";"3";"1";"1";"2"
"P2";"19";"weiblich";"Squares";"JodyPrody_Squares_09";"1";"3";"1";"2";"1";"5"
"P2";"19";"weiblich";"Squares";"JodyPrody_Squares_10";"5";"1";"1";"3";"1";"5"
"P2";"19";"weiblich";"Triangle";"JodyPrody_Triangle_01";"1";"2";"5";"5";"1";"1"
"P2";"19";"weiblich";"Triangle";"JodyPrody_Triangle_02";"5";"1";"1";"1";"1";"1"
"P2";"19";"weiblich";"Triangle";"JodyPrody_Triangle_03";"5";"1";"1";"1";"1";"1"
"P2";"19";"weiblich";"Triangle";"JodyPrody_Triangle_04";"3";"4";"1";"5";"1";"4"
"P2";"19";"weiblich";"Triangle";"JodyPrody_Triangle_05";"2";"5";"4";"5";"2";"3"
"P2";"19";"weiblich";"Triangle";"JodyPrody_Triangle_06";"2";"3";"5";"3";"4";"1"
"P2";"19";"weiblich";"Triangle";"JodyPrody_Triangle_07";"5";"2";"3";"5";"2";"5"
"P2";"19";"weiblich";"Triangle";"JodyPrody_Triangle_08";"5";"1";"1";"1";"1";"5"
"P2";"19";"weiblich";"Triangle";"JodyPrody_Triangle_09";"5";"1";"1";"1";"1";"5"
"P2";"19";"weiblich";"Triangle";"JodyPrody_Triangle_10";"5";"1";"1";"1";"1";"1"
"P3";"21";"mÃ¤nnlich";"Circles";"JodyPrody_Circles_02";"3";"2";"2";"2";"2";"3"
"P3";"21";"mÃ¤nnlich";"Circles";"JodyPrody_Circles_01";"4";"2";"1";"1";"1";"2"
"P3";"21";"mÃ¤nnlich";"Circles";"JodyPrody_Circles_03";"4";"2";"1";"1";"1";"1"
"P3";"21";"mÃ¤nnlich";"Circles";"JodyPrody_Circles_04";"2";"1";"3";"3";"2";"2"
"P3";"21";"mÃ¤nnlich";"Circles";"JodyPrody_Circles_05";"3";"3";"1";"2";"2";"2"
"P3";"21";"mÃ¤nnlich";"Circles";"JodyPrody_Circles_06";"3";"3";"1";"1";"1";"2"
"P3";"21";"mÃ¤nnlich";"Circles";"JodyPrody_Circles_07";"2";"3";"1";"2";"2";"2"
"P3";"21";"mÃ¤nnlich";"Circles";"JodyPrody_Circles_08";"4";"2";"1";"1";"1";"2"
"P3";"21";"mÃ¤nnlich";"Circles";"JodyPrody_Circles_09";"5";"2";"1";"1";"1";"2"
"P3";"21";"mÃ¤nnlich";"Circles";"JodyPrody_Circles_10";"4";"2";"1";"1";"1";"2"
"P3";"21";"mÃ¤nnlich";"Squares";"JodyPrody_Squares_01";"2";"1";"1";"1";"2";"1"
"P3";"21";"mÃ¤nnlich";"Squares";"JodyPrody_Squares_02";"4";"2";"1";"1";"1";"3"
"P3";"21";"mÃ¤nnlich";"Squares";"JodyPrody_Squares_03";"2";"4";"2";"2";"2";"2"
"P3";"21";"mÃ¤nnlich";"Squares";"JodyPrody_Squares_04";"2";"3";"1";"1";"1";"1"
"P3";"21";"mÃ¤nnlich";"Squares";"JodyPrody_Squares_05";"2";"2";"1";"1";"1";"3"
"P3";"21";"mÃ¤nnlich";"Squares";"JodyPrody_Squares_06";"2";"3";"1";"2";"1";"1"
"P3";"21";"mÃ¤nnlich";"Squares";"JodyPrody_Squares_07";"2";"3";"1";"2";"1";"4"
"P3";"21";"mÃ¤nnlich";"Squares";"JodyPrody_Squares_08";"1";"3";"2";"2";"2";"2"
"P3";"21";"mÃ¤nnlich";"Squares";"JodyPrody_Squares_09";"2";"3";"2";"2";"1";"2"
"P3";"21";"mÃ¤nnlich";"Squares";"JodyPrody_Squares_10";"3";"2";"3";"2";"2";"3"
"P3";"21";"mÃ¤nnlich";"Triangle";"JodyPrody_Triangle_01";"2";"2";"3";"3";"2";"4"
"P3";"21";"mÃ¤nnlich";"Triangle";"JodyPrody_Triangle_02";"4";"2";"1";"1";"1";"2"
"P3";"21";"mÃ¤nnlich";"Triangle";"JodyPrody_Triangle_03";"2";"1";"2";"1";"1";"3"
"P3";"21";"mÃ¤nnlich";"Triangle";"JodyPrody_Triangle_04";"3";"2";"1";"1";"1";"2"
"P3";"21";"mÃ¤nnlich";"Triangle";"JodyPrody_Triangle_05";"2";"2";"1";"2";"1";"2"
"P3";"21";"mÃ¤nnlich";"Triangle";"JodyPrody_Triangle_06";"2";"3";"2";"2";"1";"2"
"P3";"21";"mÃ¤nnlich";"Triangle";"JodyPrody_Triangle_07";"3";"2";"2";"2";"1";"2"
"P3";"21";"mÃ¤nnlich";"Triangle";"JodyPrody_Triangle_08";"4";"2";"2";"2";"1";"3"
"P3";"21";"mÃ¤nnlich";"Triangle";"JodyPrody_Triangle_09";"3";"3";"2";"2";"2";"2"
"P3";"21";"mÃ¤nnlich";"Triangle";"JodyPrody_Triangle_10";"4";"2";"2";"2";"1";"2"
"P4";"45";"mÃ¤nnlich";"Circles";"JodyPrody_Circles_02";"2";"4";"1";"3";"2";"1"
"P4";"45";"mÃ¤nnlich";"Circles";"JodyPrody_Circles_01";"4";"1";"1";"1";"1";"2"
"P4";"45";"mÃ¤nnlich";"Circles";"JodyPrody_Circles_03";"3";"1";"1";"1";"1";"1"
"P4";"45";"mÃ¤nnlich";"Circles";"JodyPrody_Circles_04";"3";"1";"1";"2";"1";"3"
"P4";"45";"mÃ¤nnlich";"Circles";"JodyPrody_Circles_05";"4";"3";"1";"2";"1";"2"
"P4";"45";"mÃ¤nnlich";"Circles";"JodyPrody_Circles_06";"5";"1";"1";"1";"1";"1"
"P4";"45";"mÃ¤nnlich";"Circles";"JodyPrody_Circles_07";"3";"2";"1";"2";"1";"1"
"P4";"45";"mÃ¤nnlich";"Circles";"JodyPrody_Circles_08";"5";"1";"1";"1";"1";"1"
"P4";"45";"mÃ¤nnlich";"Circles";"JodyPrody_Circles_09";"4";"1";"1";"1";"1";"2"
"P4";"45";"mÃ¤nnlich";"Circles";"JodyPrody_Circles_10";"4";"1";"1";"1";"1";"2"
"P4";"45";"mÃ¤nnlich";"Squares";"JodyPrody_Squares_01";"2";"1";"1";"2";"2";"4"
"P4";"45";"mÃ¤nnlich";"Squares";"JodyPrody_Squares_02";"2";"2";"2";"1";"1";"4"
"P4";"45";"mÃ¤nnlich";"Squares";"JodyPrody_Squares_03";"4";"3";"2";"3";"3";"3"
"P4";"45";"mÃ¤nnlich";"Squares";"JodyPrody_Squares_04";"4";"3";"1";"2";"1";"3"
"P4";"45";"mÃ¤nnlich";"Squares";"JodyPrody_Squares_05";"2";"2";"2";"1";"1";"4"
"P4";"45";"mÃ¤nnlich";"Squares";"JodyPrody_Squares_06";"2";"2";"1";"1";"1";"2"
"P4";"45";"mÃ¤nnlich";"Squares";"JodyPrody_Squares_07";"1";"1";"1";"5";"1";"5"
"P4";"45";"mÃ¤nnlich";"Squares";"JodyPrody_Squares_08";"4";"1";"1";"1";"2";"3"
"P4";"45";"mÃ¤nnlich";"Squares";"JodyPrody_Squares_09";"4";"2";"2";"2";"3";"3"
"P4";"45";"mÃ¤nnlich";"Squares";"JodyPrody_Squares_10";"4";"1";"2";"2";"2";"3"
"P4";"45";"mÃ¤nnlich";"Triangle";"JodyPrody_Triangle_01";"2";"2";"3";"3";"1";"2"
"P4";"45";"mÃ¤nnlich";"Triangle";"JodyPrody_Triangle_02";"5";"1";"1";"1";"1";"1"
"P4";"45";"mÃ¤nnlich";"Triangle";"JodyPrody_Triangle_03";"5";"1";"1";"1";"1";"2"
"P4";"45";"mÃ¤nnlich";"Triangle";"JodyPrody_Triangle_04";"3";"1";"2";"1";"2";"3"
"P4";"45";"mÃ¤nnlich";"Triangle";"JodyPrody_Triangle_05";"3";"2";"1";"3";"1";"3"
"P4";"45";"mÃ¤nnlich";"Triangle";"JodyPrody_Triangle_06";"2";"2";"3";"3";"2";"3"
"P4";"45";"mÃ¤nnlich";"Triangle";"JodyPrody_Triangle_07";"3";"1";"2";"2";"1";"3"
"P4";"45";"mÃ¤nnlich";"Triangle";"JodyPrody_Triangle_08";"5";"2";"1";"1";"1";"1"
"P4";"45";"mÃ¤nnlich";"Triangle";"JodyPrody_Triangle_09";"4";"3";"1";"1";"1";"3"
"P4";"45";"mÃ¤nnlich";"Triangle";"JodyPrody_Triangle_10";"5";"1";"1";"1";"1";"1"
"P5";"30";"mÃ¤nnlich";"Circles";"JodyPrody_Circles_02";"1";"1";"1";"3";"3";"1"
"P5";"30";"mÃ¤nnlich";"Circles";"JodyPrody_Circles_01";"5";"1";"1";"1";"1";"4"
"P5";"30";"mÃ¤nnlich";"Circles";"JodyPrody_Circles_03";"4";"1";"1";"1";"1";"1"
"P5";"30";"mÃ¤nnlich";"Circles";"JodyPrody_Circles_04";"1";"1";"1";"1";"1";"1"
"P5";"30";"mÃ¤nnlich";"Circles";"JodyPrody_Circles_05";"1";"3";"1";"1";"1";"1"
"P5";"30";"mÃ¤nnlich";"Circles";"JodyPrody_Circles_06";"2";"1";"1";"3";"1";"1"
"P5";"30";"mÃ¤nnlich";"Circles";"JodyPrody_Circles_07";"3";"1";"1";"1";"1";"2"
"P5";"30";"mÃ¤nnlich";"Circles";"JodyPrody_Circles_08";"4";"1";"1";"1";"1";"1"
"P5";"30";"mÃ¤nnlich";"Circles";"JodyPrody_Circles_09";"3";"1";"1";"1";"1";"2"
"P5";"30";"mÃ¤nnlich";"Circles";"JodyPrody_Circles_10";"3";"1";"1";"1";"1";"1"
"P5";"30";"mÃ¤nnlich";"Squares";"JodyPrody_Squares_01";"1";"1";"1";"1";"1";"4"
"P5";"30";"mÃ¤nnlich";"Squares";"JodyPrody_Squares_02";"1";"3";"4";"2";"1";"3"
"P5";"30";"mÃ¤nnlich";"Squares";"JodyPrody_Squares_03";"1";"4";"1";"4";"1";"1"
"P5";"30";"mÃ¤nnlich";"Squares";"JodyPrody_Squares_04";"1";"3";"1";"2";"5";"1"
"P5";"30";"mÃ¤nnlich";"Squares";"JodyPrody_Squares_05";"1";"5";"5";"4";"1";"3"
"P5";"30";"mÃ¤nnlich";"Squares";"JodyPrody_Squares_06";"1";"5";"2";"3";"1";"1"
"P5";"30";"mÃ¤nnlich";"Squares";"JodyPrody_Squares_07";"1";"3";"2";"4";"1";"5"
"P5";"30";"mÃ¤nnlich";"Squares";"JodyPrody_Squares_08";"1";"3";"4";"3";"1";"1"
"P5";"30";"mÃ¤nnlich";"Squares";"JodyPrody_Squares_09";"1";"4";"3";"3";"1";"1"
"P5";"30";"mÃ¤nnlich";"Squares";"JodyPrody_Squares_10";"3";"1";"1";"1";"1";"5"
"P5";"30";"mÃ¤nnlich";"Triangle";"JodyPrody_Triangle_01";"1";"1";"4";"3";"1";"3"
"P5";"30";"mÃ¤nnlich";"Triangle";"JodyPrody_Triangle_02";"5";"1";"1";"1";"1";"1"
"P5";"30";"mÃ¤nnlich";"Triangle";"JodyPrody_Triangle_03";"5";"1";"1";"1";"1";"2"
"P5";"30";"mÃ¤nnlich";"Triangle";"JodyPrody_Triangle_04";"1";"1";"1";"1";"1";"1"
"P5";"30";"mÃ¤nnlich";"Triangle";"JodyPrody_Triangle_05";"1";"1";"1";"1";"1";"1"
"P5";"30";"mÃ¤nnlich";"Triangle";"JodyPrody_Triangle_06";"1";"1";"2";"2";"1";"2"
"P5";"30";"mÃ¤nnlich";"Triangle";"JodyPrody_Triangle_07";"1";"1";"1";"1";"1";"1"
"P5";"30";"mÃ¤nnlich";"Triangle";"JodyPrody_Triangle_08";"1";"1";"1";"1";"1";"3"
"P5";"30";"mÃ¤nnlich";"Triangle";"JodyPrody_Triangle_09";"4";"1";"1";"1";"1";"1"
"P5";"30";"mÃ¤nnlich";"Triangle";"JodyPrody_Triangle_10";"5";"1";"1";"1";"1";"1"
"P6";"25";"weiblich";"Circles";"JodyPrody_Circles_02";"2";"4";"4";"4";"2";"2"
"P6";"25";"weiblich";"Circles";"JodyPrody_Circles_01";"4";"2";"2";"1";"1";"2"
"P6";"25";"weiblich";"Circles";"JodyPrody_Circles_03";"3";"4";"1";"2";"1";"2"
"P6";"25";"weiblich";"Circles";"JodyPrody_Circles_04";"4";"1";"3";"2";"2";"4"
"P6";"25";"weiblich";"Circles";"JodyPrody_Circles_05";"2";"2";"4";"4";"1";"5"
"P6";"25";"weiblich";"Circles";"JodyPrody_Circles_06";"4";"3";"1";"2";"1";"1"
"P6";"25";"weiblich";"Circles";"JodyPrody_Circles_07";"4";"3";"1";"2";"1";"2"
"P6";"25";"weiblich";"Circles";"JodyPrody_Circles_08";"5";"1";"1";"1";"1";"1"
"P6";"25";"weiblich";"Circles";"JodyPrody_Circles_09";"3";"3";"2";"1";"1";"2"
"P6";"25";"weiblich";"Circles";"JodyPrody_Circles_10";"5";"1";"1";"1";"1";"2"
"P6";"25";"weiblich";"Squares";"JodyPrody_Squares_01";"4";"3";"2";"2";"1";"1"
"P6";"25";"weiblich";"Squares";"JodyPrody_Squares_02";"4";"1";"2";"1";"1";"4"
"P6";"25";"weiblich";"Squares";"JodyPrody_Squares_03";"1";"4";"3";"3";"1";"1"
"P6";"25";"weiblich";"Squares";"JodyPrody_Squares_04";"1";"3";"2";"4";"1";"1"
"P6";"25";"weiblich";"Squares";"JodyPrody_Squares_05";"3";"2";"4";"4";"1";"4"
"P6";"25";"weiblich";"Squares";"JodyPrody_Squares_06";"2";"2";"1";"4";"1";"1"
"P6";"25";"weiblich";"Squares";"JodyPrody_Squares_07";"2";"4";"2";"5";"2";"2"
"P6";"25";"weiblich";"Squares";"JodyPrody_Squares_08";"4";"2";"2";"2";"1";"2"
"P6";"25";"weiblich";"Squares";"JodyPrody_Squares_09";"3";"1";"3";"2";"1";"2"
"P6";"25";"weiblich";"Squares";"JodyPrody_Squares_10";"2";"2";"4";"4";"1";"4"
"P6";"25";"weiblich";"Triangle";"JodyPrody_Triangle_01";"2";"2";"5";"5";"1";"4"
"P6";"25";"weiblich";"Triangle";"JodyPrody_Triangle_02";"5";"2";"1";"1";"2";"4"
"P6";"25";"weiblich";"Triangle";"JodyPrody_Triangle_03";"3";"1";"1";"2";"1";"4"
"P6";"25";"weiblich";"Triangle";"JodyPrody_Triangle_04";"3";"4";"4";"4";"2";"3"
"P6";"25";"weiblich";"Triangle";"JodyPrody_Triangle_05";"1";"2";"4";"3";"1";"2"
"P6";"25";"weiblich";"Triangle";"JodyPrody_Triangle_06";"1";"2";"5";"4";"3";"3"
"P6";"25";"weiblich";"Triangle";"JodyPrody_Triangle_07";"2";"3";"5";"4";"3";"2"
"P6";"25";"weiblich";"Triangle";"JodyPrody_Triangle_08";"5";"1";"2";"2";"1";"4"
"P6";"25";"weiblich";"Triangle";"JodyPrody_Triangle_09";"1";"2";"4";"5";"2";"3"
"P6";"25";"weiblich";"Triangle";"JodyPrody_Triangle_10";"5";"3";"1";"1";"1";"2"
"P7";"21";"weiblich";"Circles";"JodyPrody_Circles_02";"2";"3";"4";"2";"3";"1"
"P7";"21";"weiblich";"Circles";"JodyPrody_Circles_01";"4";"3";"2";"3";"1";"2"
"P7";"21";"weiblich";"Circles";"JodyPrody_Circles_03";"5";"2";"1";"2";"1";"2"
"P7";"21";"weiblich";"Circles";"JodyPrody_Circles_04";"3";"2";"1";"1";"2";"4"
"P7";"21";"weiblich";"Circles";"JodyPrody_Circles_05";"1";"2";"1";"4";"3";"4"
"P7";"21";"weiblich";"Circles";"JodyPrody_Circles_06";"4";"1";"1";"1";"1";"1"
"P7";"21";"weiblich";"Circles";"JodyPrody_Circles_07";"4";"2";"1";"2";"1";"1"
"P7";"21";"weiblich";"Circles";"JodyPrody_Circles_08";"4";"1";"1";"2";"1";"1"
"P7";"21";"weiblich";"Circles";"JodyPrody_Circles_09";"3";"1";"1";"1";"2";"3"
"P7";"21";"weiblich";"Circles";"JodyPrody_Circles_10";"4";"2";"1";"2";"1";"2"
"P7";"21";"weiblich";"Squares";"JodyPrody_Squares_01";"3";"1";"1";"1";"3";"2"
"P7";"21";"weiblich";"Squares";"JodyPrody_Squares_02";"2";"2";"4";"2";"2";"1"
"P7";"21";"weiblich";"Squares";"JodyPrody_Squares_03";"4";"1";"1";"3";"2";"1"
"P7";"21";"weiblich";"Squares";"JodyPrody_Squares_04";"4";"1";"1";"2";"3";"2"
"P7";"21";"weiblich";"Squares";"JodyPrody_Squares_05";"2";"1";"3";"2";"1";"4"
"P7";"21";"weiblich";"Squares";"JodyPrody_Squares_06";"4";"1";"1";"2";"2";"3"
"P7";"21";"weiblich";"Squares";"JodyPrody_Squares_07";"1";"4";"1";"5";"2";"3"
"P7";"21";"weiblich";"Squares";"JodyPrody_Squares_08";"1";"3";"2";"3";"4";"2"
"P7";"21";"weiblich";"Squares";"JodyPrody_Squares_09";"4";"2";"1";"3";"2";"1"
"P7";"21";"weiblich";"Squares";"JodyPrody_Squares_10";"1";"2";"4";"3";"1";"4"
"P7";"21";"weiblich";"Triangle";"JodyPrody_Triangle_01";"1";"3";"5";"4";"2";"2"
"P7";"21";"weiblich";"Triangle";"JodyPrody_Triangle_02";"5";"2";"1";"4";"1";"2"
"P7";"21";"weiblich";"Triangle";"JodyPrody_Triangle_03";"2";"2";"1";"3";"3";"5"
"P7";"21";"weiblich";"Triangle";"JodyPrody_Triangle_04";"2";"2";"3";"3";"3";"3"
"P7";"21";"weiblich";"Triangle";"JodyPrody_Triangle_05";"4";"2";"1";"1";"1";"3"
"P7";"21";"weiblich";"Triangle";"JodyPrody_Triangle_06";"3";"2";"1";"4";"3";"3"
"P7";"21";"weiblich";"Triangle";"JodyPrody_Triangle_07";"3";"2";"4";"4";"1";"2"
"P7";"21";"weiblich";"Triangle";"JodyPrody_Triangle_08";"2";"3";"3";"4";"1";"3"
"P7";"21";"weiblich";"Triangle";"JodyPrody_Triangle_09";"1";"2";"4";"2";"4";"4"
"P7";"21";"weiblich";"Triangle";"JodyPrody_Triangle_10";"1";"4";"1";"3";"1";"1"
"P8";"20";"weiblich";"Circles";"JodyPrody_Circles_02";"1";"1";"2";"1";"1";"1"
"P8";"20";"weiblich";"Circles";"JodyPrody_Circles_01";"1";"1";"3";"1";"3";"2"
"P8";"20";"weiblich";"Circles";"JodyPrody_Circles_03";"2";"1";"2";"1";"1";"1"
"P8";"20";"weiblich";"Circles";"JodyPrody_Circles_04";"1";"3";"4";"1";"1";"1"
"P8";"20";"weiblich";"Circles";"JodyPrody_Circles_05";"1";"2";"4";"2";"1";"1"
"P8";"20";"weiblich";"Circles";"JodyPrody_Circles_06";"4";"1";"2";"1";"1";"1"
"P8";"20";"weiblich";"Circles";"JodyPrody_Circles_07";"1";"1";"4";"2";"1";"1"
"P8";"20";"weiblich";"Circles";"JodyPrody_Circles_08";"1";"2";"5";"1";"1";"1"
"P8";"20";"weiblich";"Circles";"JodyPrody_Circles_09";"1";"1";"5";"1";"1";"1"
"P8";"20";"weiblich";"Circles";"JodyPrody_Circles_10";"2";"1";"4";"1";"3";"1"
"P8";"20";"weiblich";"Squares";"JodyPrody_Squares_01";"1";"2";"4";"1";"4";"1"
"P8";"20";"weiblich";"Squares";"JodyPrody_Squares_02";"1";"1";"5";"1";"1";"1"
"P8";"20";"weiblich";"Squares";"JodyPrody_Squares_03";"1";"3";"4";"2";"1";"1"
"P8";"20";"weiblich";"Squares";"JodyPrody_Squares_04";"2";"1";"3";"1";"1";"1"
"P8";"20";"weiblich";"Squares";"JodyPrody_Squares_05";"1";"3";"3";"2";"1";"1"
"P8";"20";"weiblich";"Squares";"JodyPrody_Squares_06";"1";"4";"3";"4";"1";"1"
"P8";"20";"weiblich";"Squares";"JodyPrody_Squares_07";"1";"4";"5";"3";"1";"1"
"P8";"20";"weiblich";"Squares";"JodyPrody_Squares_08";"1";"1";"5";"1";"3";"1"
"P8";"20";"weiblich";"Squares";"JodyPrody_Squares_09";"1";"4";"3";"4";"1";"1"
"P8";"20";"weiblich";"Squares";"JodyPrody_Squares_10";"1";"1";"3";"1";"5";"1"
"P8";"20";"weiblich";"Triangle";"JodyPrody_Triangle_01";"3";"1";"2";"1";"1";"1"
"P8";"20";"weiblich";"Triangle";"JodyPrody_Triangle_02";"3";"1";"2";"1";"1";"1"
"P8";"20";"weiblich";"Triangle";"JodyPrody_Triangle_03";"2";"1";"3";"1";"3";"1"
"P8";"20";"weiblich";"Triangle";"JodyPrody_Triangle_04";"3";"1";"1";"1";"1";"1"
"P8";"20";"weiblich";"Triangle";"JodyPrody_Triangle_05";"1";"2";"4";"2";"1";"1"
"P8";"20";"weiblich";"Triangle";"JodyPrody_Triangle_06";"2";"1";"3";"1";"2";"1"
"P8";"20";"weiblich";"Triangle";"JodyPrody_Triangle_07";"1";"1";"3";"1";"3";"1"
"P8";"20";"weiblich";"Triangle";"JodyPrody_Triangle_08";"3";"1";"2";"1";"1";"1"
"P8";"20";"weiblich";"Triangle";"JodyPrody_Triangle_09";"2";"1";"1";"1";"3";"2"
"P8";"20";"weiblich";"Triangle";"JodyPrody_Triangle_10";"3";"1";"2";"1";"1";"1"
"P9";"19";"weiblich";"Circles";"JodyPrody_Circles_02";"4";"3";"1";"2";"1";"3"
"P9";"19";"weiblich";"Circles";"JodyPrody_Circles_01";"5";"1";"1";"1";"1";"3"
"P9";"19";"weiblich";"Circles";"JodyPrody_Circles_03";"5";"3";"1";"1";"1";"2"
"P9";"19";"weiblich";"Circles";"JodyPrody_Circles_04";"4";"2";"2";"2";"1";"4"
"P9";"19";"weiblich";"Circles";"JodyPrody_Circles_05";"5";"1";"1";"2";"1";"2"
"P9";"19";"weiblich";"Circles";"JodyPrody_Circles_06";"4";"2";"1";"1";"1";"2"
"P9";"19";"weiblich";"Circles";"JodyPrody_Circles_07";"3";"2";"2";"1";"1";"2"
"P9";"19";"weiblich";"Circles";"JodyPrody_Circles_08";"5";"1";"1";"1";"1";"1"
"P9";"19";"weiblich";"Circles";"JodyPrody_Circles_09";"4";"1";"1";"3";"2";"3"
"P9";"19";"weiblich";"Circles";"JodyPrody_Circles_10";"5";"1";"2";"1";"1";"2"
"P9";"19";"weiblich";"Squares";"JodyPrody_Squares_01";"3";"2";"2";"4";"2";"1"
"P9";"19";"weiblich";"Squares";"JodyPrody_Squares_02";"4";"1";"3";"3";"1";"4"
"P9";"19";"weiblich";"Squares";"JodyPrody_Squares_03";"4";"2";"1";"2";"1";"1"
"P9";"19";"weiblich";"Squares";"JodyPrody_Squares_04";"5";"3";"1";"2";"1";"1"
"P9";"19";"weiblich";"Squares";"JodyPrody_Squares_05";"3";"3";"3";"3";"3";"4"
"P9";"19";"weiblich";"Squares";"JodyPrody_Squares_06";"2";"4";"1";"4";"1";"2"
"P9";"19";"weiblich";"Squares";"JodyPrody_Squares_07";"1";"4";"2";"4";"1";"4"
"P9";"19";"weiblich";"Squares";"JodyPrody_Squares_08";"4";"3";"4";"4";"2";"2"
"P9";"19";"weiblich";"Squares";"JodyPrody_Squares_09";"4";"2";"1";"2";"1";"3"
"P9";"19";"weiblich";"Squares";"JodyPrody_Squares_10";"2";"3";"3";"4";"2";"4"
"P9";"19";"weiblich";"Triangle";"JodyPrody_Triangle_01";"1";"2";"5";"5";"4";"3"
"P9";"19";"weiblich";"Triangle";"JodyPrody_Triangle_02";"5";"1";"1";"1";"1";"2"
"P9";"19";"weiblich";"Triangle";"JodyPrody_Triangle_03";"5";"2";"1";"3";"1";"3"
"P9";"19";"weiblich";"Triangle";"JodyPrody_Triangle_04";"3";"4";"3";"4";"1";"2"
"P9";"19";"weiblich";"Triangle";"JodyPrody_Triangle_05";"1";"4";"2";"4";"2";"2"
"P9";"19";"weiblich";"Triangle";"JodyPrody_Triangle_06";"4";"3";"1";"2";"1";"3"
"P9";"19";"weiblich";"Triangle";"JodyPrody_Triangle_07";"3";"2";"1";"2";"1";"4"
"P9";"19";"weiblich";"Triangle";"JodyPrody_Triangle_08";"3";"2";"4";"4";"2";"3"
"P9";"19";"weiblich";"Triangle";"JodyPrody_Triangle_09";"2";"2";"2";"3";"1";"5"
"P9";"19";"weiblich";"Triangle";"JodyPrody_Triangle_10";"5";"2";"1";"1";"1";"1"
"P10";"45";"weiblich";"Circles";"JodyPrody_Circles_02";"4";"1";"1";"1";"1";"2"
"P10";"45";"weiblich";"Circles";"JodyPrody_Circles_01";"5";"1";"2";"2";"1";"3"
"P10";"45";"weiblich";"Circles";"JodyPrody_Circles_03";"5";"2";"1";"1";"1";"1"
"P10";"45";"weiblich";"Circles";"JodyPrody_Circles_04";"5";"1";"1";"1";"1";"2"
"P10";"45";"weiblich";"Circles";"JodyPrody_Circles_05";"5";"1";"1";"1";"1";"1"
"P10";"45";"weiblich";"Circles";"JodyPrody_Circles_06";"5";"2";"1";"1";"1";"1"
"P10";"45";"weiblich";"Circles";"JodyPrody_Circles_07";"5";"2";"1";"1";"1";"1"
"P10";"45";"weiblich";"Circles";"JodyPrody_Circles_08";"5";"2";"1";"1";"1";"4"
"P10";"45";"weiblich";"Circles";"JodyPrody_Circles_09";"5";"1";"1";"2";"1";"2"
"P10";"45";"weiblich";"Circles";"JodyPrody_Circles_10";"4";"2";"2";"2";"1";"1"
"P10";"45";"weiblich";"Squares";"JodyPrody_Squares_01";"3";"1";"1";"1";"1";"2"
"P10";"45";"weiblich";"Squares";"JodyPrody_Squares_02";"5";"1";"1";"1";"1";"2"
"P10";"45";"weiblich";"Squares";"JodyPrody_Squares_03";"4";"1";"1";"1";"1";"3"
"P10";"45";"weiblich";"Squares";"JodyPrody_Squares_04";"5";"2";"1";"1";"1";"1"
"P10";"45";"weiblich";"Squares";"JodyPrody_Squares_05";"3";"1";"1";"2";"1";"4"
"P10";"45";"weiblich";"Squares";"JodyPrody_Squares_06";"1";"2";"1";"1";"1";"1"
"P10";"45";"weiblich";"Squares";"JodyPrody_Squares_07";"3";"3";"1";"2";"1";"2"
"P10";"45";"weiblich";"Squares";"JodyPrody_Squares_08";"1";"2";"2";"2";"1";"2"
"P10";"45";"weiblich";"Squares";"JodyPrody_Squares_09";"2";"2";"2";"2";"1";"2"
"P10";"45";"weiblich";"Squares";"JodyPrody_Squares_10";"3";"1";"2";"3";"1";"5"
"P10";"45";"weiblich";"Triangle";"JodyPrody_Triangle_01";"2";"1";"3";"2";"1";"5"
"P10";"45";"weiblich";"Triangle";"JodyPrody_Triangle_02";"5";"1";"1";"2";"1";"1"
"P10";"45";"weiblich";"Triangle";"JodyPrody_Triangle_03";"5";"1";"1";"1";"1";"5"
"P10";"45";"weiblich";"Triangle";"JodyPrody_Triangle_04";"2";"1";"1";"1";"1";"1"
"P10";"45";"weiblich";"Triangle";"JodyPrody_Triangle_05";"5";"1";"1";"1";"1";"3"
"P10";"45";"weiblich";"Triangle";"JodyPrody_Triangle_06";"5";"2";"1";"2";"1";"2"
"P10";"45";"weiblich";"Triangle";"JodyPrody_Triangle_07";"2";"3";"1";"2";"1";"2"
"P10";"45";"weiblich";"Triangle";"JodyPrody_Triangle_08";"5";"2";"1";"1";"1";"2"
"P10";"45";"weiblich";"Triangle";"JodyPrody_Triangle_09";"5";"2";"1";"1";"1";"2"
"P10";"45";"weiblich";"Triangle";"JodyPrody_Triangle_10";"5";"1";"1";"1";"1";"1"
"P11";"19";"weiblich";"Circles";"JodyPrody_Circles_02";"2";"4";"1";"3";"1";"3"
"P11";"19";"weiblich";"Circles";"JodyPrody_Circles_01";"4";"1";"1";"1";"1";"4"
"P11";"19";"weiblich";"Circles";"JodyPrody_Circles_03";"3";"3";"1";"1";"1";"2"
"P11";"19";"weiblich";"Circles";"JodyPrody_Circles_04";"5";"2";"1";"1";"1";"2"
"P11";"19";"weiblich";"Circles";"JodyPrody_Circles_05";"4";"3";"1";"1";"1";"4"
"P11";"19";"weiblich";"Circles";"JodyPrody_Circles_06";"2";"3";"1";"1";"1";"2"
"P11";"19";"weiblich";"Circles";"JodyPrody_Circles_07";"1";"1";"1";"1";"1";"1"
"P11";"19";"weiblich";"Circles";"JodyPrody_Circles_08";"4";"1";"1";"1";"1";"1"
"P11";"19";"weiblich";"Circles";"JodyPrody_Circles_09";"4";"1";"1";"1";"1";"3"
"P11";"19";"weiblich";"Circles";"JodyPrody_Circles_10";"3";"1";"1";"1";"1";"2"
"P11";"19";"weiblich";"Squares";"JodyPrody_Squares_01";"2";"1";"1";"1";"1";"1"
"P11";"19";"weiblich";"Squares";"JodyPrody_Squares_02";"2";"1";"1";"1";"1";"2"
"P11";"19";"weiblich";"Squares";"JodyPrody_Squares_03";"3";"4";"1";"1";"1";"1"
"P11";"19";"weiblich";"Squares";"JodyPrody_Squares_04";"3";"3";"1";"1";"1";"1"
"P11";"19";"weiblich";"Squares";"JodyPrody_Squares_05";"1";"2";"2";"2";"1";"1"
"P11";"19";"weiblich";"Squares";"JodyPrody_Squares_06";"1";"2";"1";"1";"1";"1"
"P11";"19";"weiblich";"Squares";"JodyPrody_Squares_07";"1";"4";"1";"3";"1";"4"
"P11";"19";"weiblich";"Squares";"JodyPrody_Squares_08";"3";"1";"1";"1";"1";"1"
"P11";"19";"weiblich";"Squares";"JodyPrody_Squares_09";"2";"2";"1";"1";"1";"1"
"P11";"19";"weiblich";"Squares";"JodyPrody_Squares_10";"2";"1";"1";"1";"1";"4"
"P11";"19";"weiblich";"Triangle";"JodyPrody_Triangle_01";"1";"1";"5";"1";"1";"3"
"P11";"19";"weiblich";"Triangle";"JodyPrody_Triangle_02";"5";"1";"1";"2";"1";"1"
"P11";"19";"weiblich";"Triangle";"JodyPrody_Triangle_03";"5";"1";"1";"1";"1";"1"
"P11";"19";"weiblich";"Triangle";"JodyPrody_Triangle_04";"1";"2";"1";"1";"1";"1"
"P11";"19";"weiblich";"Triangle";"JodyPrody_Triangle_05";"1";"1";"1";"1";"1";"1"
"P11";"19";"weiblich";"Triangle";"JodyPrody_Triangle_06";"1";"2";"1";"1";"1";"2"
"P11";"19";"weiblich";"Triangle";"JodyPrody_Triangle_07";"2";"1";"1";"1";"1";"1"
"P11";"19";"weiblich";"Triangle";"JodyPrody_Triangle_08";"2";"1";"1";"1";"1";"2"
"P11";"19";"weiblich";"Triangle";"JodyPrody_Triangle_09";"4";"1";"1";"1";"1";"3"
"P11";"19";"weiblich";"Triangle";"JodyPrody_Triangle_10";"5";"1";"1";"1";"1";"1"
"P12";"18";"weiblich";"Circles";"JodyPrody_Circles_02";"3";"1";"3";"1";"1";"2"
"P12";"18";"weiblich";"Circles";"JodyPrody_Circles_01";"4";"2";"1";"1";"1";"1"
"P12";"18";"weiblich";"Circles";"JodyPrody_Circles_03";"5";"1";"2";"1";"1";"2"
"P12";"18";"weiblich";"Circles";"JodyPrody_Circles_04";"4";"1";"2";"2";"1";"4"
"P12";"18";"weiblich";"Circles";"JodyPrody_Circles_05";"5";"1";"1";"1";"1";"3"
"P12";"18";"weiblich";"Circles";"JodyPrody_Circles_06";"5";"1";"1";"1";"1";"1"
"P12";"18";"weiblich";"Circles";"JodyPrody_Circles_07";"5";"1";"1";"2";"1";"2"
"P12";"18";"weiblich";"Circles";"JodyPrody_Circles_08";"5";"1";"1";"1";"1";"1"
"P12";"18";"weiblich";"Circles";"JodyPrody_Circles_09";"5";"1";"1";"1";"1";"4"
"P12";"18";"weiblich";"Circles";"JodyPrody_Circles_10";"4";"1";"1";"1";"1";"2"
"P12";"18";"weiblich";"Squares";"JodyPrody_Squares_01";"2";"1";"2";"1";"3";"4"
"P12";"18";"weiblich";"Squares";"JodyPrody_Squares_02";"3";"1";"2";"1";"1";"5"
"P12";"18";"weiblich";"Squares";"JodyPrody_Squares_03";"4";"1";"1";"2";"1";"3"
"P12";"18";"weiblich";"Squares";"JodyPrody_Squares_04";"3";"1";"1";"1";"1";"1"
"P12";"18";"weiblich";"Squares";"JodyPrody_Squares_05";"1";"1";"3";"2";"1";"3"
"P12";"18";"weiblich";"Squares";"JodyPrody_Squares_06";"2";"4";"1";"1";"2";"3"
"P12";"18";"weiblich";"Squares";"JodyPrody_Squares_07";"2";"3";"2";"5";"3";"2"
"P12";"18";"weiblich";"Squares";"JodyPrody_Squares_08";"5";"1";"1";"1";"2";"2"
"P12";"18";"weiblich";"Squares";"JodyPrody_Squares_09";"5";"1";"1";"1";"2";"2"
"P12";"18";"weiblich";"Squares";"JodyPrody_Squares_10";"5";"1";"1";"1";"1";"3"
"P12";"18";"weiblich";"Triangle";"JodyPrody_Triangle_01";"1";"2";"5";"4";"3";"1"
"P12";"18";"weiblich";"Triangle";"JodyPrody_Triangle_02";"5";"1";"1";"1";"1";"2"
"P12";"18";"weiblich";"Triangle";"JodyPrody_Triangle_03";"5";"1";"1";"1";"1";"3"
"P12";"18";"weiblich";"Triangle";"JodyPrody_Triangle_04";"2";"2";"1";"1";"1";"3"
"P12";"18";"weiblich";"Triangle";"JodyPrody_Triangle_05";"3";"4";"4";"2";"3";"2"
"P12";"18";"weiblich";"Triangle";"JodyPrody_Triangle_06";"2";"3";"4";"4";"3";"1"
"P12";"18";"weiblich";"Triangle";"JodyPrody_Triangle_07";"3";"1";"2";"2";"2";"3"
"P12";"18";"weiblich";"Triangle";"JodyPrody_Triangle_08";"2";"1";"1";"1";"1";"4"
"P12";"18";"weiblich";"Triangle";"JodyPrody_Triangle_09";"4";"1";"2";"1";"1";"3"
"P12";"18";"weiblich";"Triangle";"JodyPrody_Triangle_10";"5";"1";"1";"1";"1";"2"
"P13";"21";"weiblich";"Circles";"JodyPrody_Circles_02";"4";"4";"1";"1";"1";"1"
"P13";"21";"weiblich";"Circles";"JodyPrody_Circles_01";"4";"3";"1";"3";"1";"2"
"P13";"21";"weiblich";"Circles";"JodyPrody_Circles_03";"5";"1";"1";"2";"1";"2"
"P13";"21";"weiblich";"Circles";"JodyPrody_Circles_04";"4";"2";"1";"2";"1";"1"
"P13";"21";"weiblich";"Circles";"JodyPrody_Circles_05";"2";"5";"1";"5";"2";"3"
"P13";"21";"weiblich";"Circles";"JodyPrody_Circles_06";"4";"2";"1";"2";"1";"2"
"P13";"21";"weiblich";"Circles";"JodyPrody_Circles_07";"3";"2";"1";"2";"1";"1"
"P13";"21";"weiblich";"Circles";"JodyPrody_Circles_08";"3";"3";"1";"2";"1";"1"
"P13";"21";"weiblich";"Circles";"JodyPrody_Circles_09";"1";"1";"5";"5";"1";"3"
"P13";"21";"weiblich";"Circles";"JodyPrody_Circles_10";"5";"1";"1";"1";"1";"1"
"P13";"21";"weiblich";"Squares";"JodyPrody_Squares_01";"3";"1";"1";"1";"1";"1"
"P13";"21";"weiblich";"Squares";"JodyPrody_Squares_02";"4";"2";"1";"2";"1";"1"
"P13";"21";"weiblich";"Squares";"JodyPrody_Squares_03";"3";"3";"2";"1";"1";"1"
"P13";"21";"weiblich";"Squares";"JodyPrody_Squares_04";"2";"3";"3";"1";"1";"1"
"P13";"21";"weiblich";"Squares";"JodyPrody_Squares_05";"2";"3";"1";"3";"1";"1"
"P13";"21";"weiblich";"Squares";"JodyPrody_Squares_06";"3";"2";"1";"2";"1";"1"
"P13";"21";"weiblich";"Squares";"JodyPrody_Squares_07";"2";"4";"1";"3";"1";"3"
"P13";"21";"weiblich";"Squares";"JodyPrody_Squares_08";"1";"3";"2";"1";"1";"1"
"P13";"21";"weiblich";"Squares";"JodyPrody_Squares_09";"1";"2";"3";"1";"1";"1"
"P13";"21";"weiblich";"Squares";"JodyPrody_Squares_10";"3";"2";"2";"2";"1";"1"
"P13";"21";"weiblich";"Triangle";"JodyPrody_Triangle_01";"3";"2";"1";"1";"1";"1"
"P13";"21";"weiblich";"Triangle";"JodyPrody_Triangle_02";"5";"1";"1";"1";"1";"1"
"P13";"21";"weiblich";"Triangle";"JodyPrody_Triangle_03";"3";"2";"1";"1";"1";"1"
"P13";"21";"weiblich";"Triangle";"JodyPrody_Triangle_04";"3";"2";"1";"2";"1";"1"
"P13";"21";"weiblich";"Triangle";"JodyPrody_Triangle_05";"2";"2";"1";"2";"1";"1"
"P13";"21";"weiblich";"Triangle";"JodyPrody_Triangle_06";"3";"2";"1";"1";"1";"1"
"P13";"21";"weiblich";"Triangle";"JodyPrody_Triangle_07";"4";"2";"1";"1";"1";"1"
"P13";"21";"weiblich";"Triangle";"JodyPrody_Triangle_08";"2";"2";"2";"2";"1";"2"
"P13";"21";"weiblich";"Triangle";"JodyPrody_Triangle_09";"2";"3";"2";"2";"1";"1"
"P13";"21";"weiblich";"Triangle";"JodyPrody_Triangle_10";"3";"3";"1";"1";"1";"1"
"P14";"18";"weiblich";"Circles";"JodyPrody_Circles_02";"2";"1";"3";"3";"1";"4"
"P14";"18";"weiblich";"Circles";"JodyPrody_Circles_01";"4";"1";"1";"1";"1";"2"
"P14";"18";"weiblich";"Circles";"JodyPrody_Circles_03";"4";"2";"1";"1";"1";"1"
"P14";"18";"weiblich";"Circles";"JodyPrody_Circles_04";"1";"1";"4";"3";"1";"5"
"P14";"18";"weiblich";"Circles";"JodyPrody_Circles_05";"4";"2";"1";"1";"1";"3"
"P14";"18";"weiblich";"Circles";"JodyPrody_Circles_06";"4";"2";"1";"1";"1";"1"
"P14";"18";"weiblich";"Circles";"JodyPrody_Circles_07";"2";"1";"1";"4";"1";"4"
"P14";"18";"weiblich";"Circles";"JodyPrody_Circles_08";"5";"1";"1";"1";"1";"1"
"P14";"18";"weiblich";"Circles";"JodyPrody_Circles_09";"4";"1";"1";"1";"1";"2"
"P14";"18";"weiblich";"Circles";"JodyPrody_Circles_10";"2";"1";"1";"1";"1";"1"
"P14";"18";"weiblich";"Squares";"JodyPrody_Squares_01";"1";"1";"3";"4";"1";"3"
"P14";"18";"weiblich";"Squares";"JodyPrody_Squares_02";"1";"1";"2";"4";"2";"3"
"P14";"18";"weiblich";"Squares";"JodyPrody_Squares_03";"3";"2";"1";"3";"1";"1"
"P14";"18";"weiblich";"Squares";"JodyPrody_Squares_04";"2";"4";"1";"1";"1";"1"
"P14";"18";"weiblich";"Squares";"JodyPrody_Squares_05";"1";"4";"2";"4";"1";"1"
"P14";"18";"weiblich";"Squares";"JodyPrody_Squares_06";"1";"2";"3";"3";"1";"1"
"P14";"18";"weiblich";"Squares";"JodyPrody_Squares_07";"3";"1";"2";"2";"1";"4"
"P14";"18";"weiblich";"Squares";"JodyPrody_Squares_08";"1";"1";"4";"2";"1";"1"
"P14";"18";"weiblich";"Squares";"JodyPrody_Squares_09";"1";"4";"1";"1";"2";"1"
"P14";"18";"weiblich";"Squares";"JodyPrody_Squares_10";"4";"1";"1";"2";"1";"3"
"P14";"18";"weiblich";"Triangle";"JodyPrody_Triangle_01";"1";"1";"2";"4";"1";"3"
"P14";"18";"weiblich";"Triangle";"JodyPrody_Triangle_02";"4";"2";"1";"1";"1";"1"
"P14";"18";"weiblich";"Triangle";"JodyPrody_Triangle_03";"3";"1";"1";"2";"1";"3"
"P14";"18";"weiblich";"Triangle";"JodyPrody_Triangle_04";"1";"1";"4";"4";"1";"2"
"P14";"18";"weiblich";"Triangle";"JodyPrody_Triangle_05";"1";"3";"3";"4";"2";"1"
"P14";"18";"weiblich";"Triangle";"JodyPrody_Triangle_06";"1";"2";"4";"3";"1";"2"
"P14";"18";"weiblich";"Triangle";"JodyPrody_Triangle_07";"1";"1";"2";"5";"1";"1"
"P14";"18";"weiblich";"Triangle";"JodyPrody_Triangle_08";"4";"1";"2";"1";"1";"3"
"P14";"18";"weiblich";"Triangle";"JodyPrody_Triangle_09";"4";"2";"1";"1";"1";"1"
"P14";"18";"weiblich";"Triangle";"JodyPrody_Triangle_10";"5";"1";"1";"1";"1";"1"
"P15";"22";"weiblich";"Circles";"JodyPrody_Circles_02";"3";"3";"2";"2";"1";"4"
"P15";"22";"weiblich";"Circles";"JodyPrody_Circles_01";"4";"2";"1";"2";"1";"3"
"P15";"22";"weiblich";"Circles";"JodyPrody_Circles_03";"5";"2";"1";"1";"1";"2"
"P15";"22";"weiblich";"Circles";"JodyPrody_Circles_04";"4";"2";"1";"2";"1";"3"
"P15";"22";"weiblich";"Circles";"JodyPrody_Circles_05";"4";"3";"1";"1";"1";"4"
"P15";"22";"weiblich";"Circles";"JodyPrody_Circles_06";"3";"3";"2";"1";"1";"4"
"P15";"22";"weiblich";"Circles";"JodyPrody_Circles_07";"3";"2";"2";"2";"1";"2"
"P15";"22";"weiblich";"Circles";"JodyPrody_Circles_08";"4";"1";"1";"1";"1";"1"
"P15";"22";"weiblich";"Circles";"JodyPrody_Circles_09";"4";"2";"1";"1";"1";"4"
"P15";"22";"weiblich";"Circles";"JodyPrody_Circles_10";"3";"1";"1";"1";"1";"1"
"P15";"22";"weiblich";"Squares";"JodyPrody_Squares_01";"3";"3";"3";"3";"1";"3"
"P15";"22";"weiblich";"Squares";"JodyPrody_Squares_02";"3";"2";"3";"2";"1";"3"
"P15";"22";"weiblich";"Squares";"JodyPrody_Squares_03";"2";"4";"2";"2";"1";"3"
"P15";"22";"weiblich";"Squares";"JodyPrody_Squares_04";"3";"3";"2";"1";"1";"2"
"P15";"22";"weiblich";"Squares";"JodyPrody_Squares_05";"2";"2";"2";"2";"1";"1"
"P15";"22";"weiblich";"Squares";"JodyPrody_Squares_06";"2";"2";"2";"2";"1";"2"
"P15";"22";"weiblich";"Squares";"JodyPrody_Squares_07";"2";"4";"3";"4";"1";"3"
"P15";"22";"weiblich";"Squares";"JodyPrody_Squares_08";"4";"2";"3";"3";"2";"1"
"P15";"22";"weiblich";"Squares";"JodyPrody_Squares_09";"3";"3";"2";"1";"1";"2"
"P15";"22";"weiblich";"Squares";"JodyPrody_Squares_10";"4";"1";"2";"2";"1";"3"
"P15";"22";"weiblich";"Triangle";"JodyPrody_Triangle_01";"3";"2";"4";"2";"1";"3"
"P15";"22";"weiblich";"Triangle";"JodyPrody_Triangle_02";"5";"1";"1";"1";"1";"2"
"P15";"22";"weiblich";"Triangle";"JodyPrody_Triangle_03";"5";"2";"1";"1";"1";"2"
"P15";"22";"weiblich";"Triangle";"JodyPrody_Triangle_04";"3";"3";"2";"3";"2";"3"
"P15";"22";"weiblich";"Triangle";"JodyPrody_Triangle_05";"1";"2";"4";"4";"1";"2"
"P15";"22";"weiblich";"Triangle";"JodyPrody_Triangle_06";"2";"3";"3";"2";"1";"2"
"P15";"22";"weiblich";"Triangle";"JodyPrody_Triangle_07";"3";"3";"2";"3";"1";"2"
"P15";"22";"weiblich";"Triangle";"JodyPrody_Triangle_08";"4";"2";"2";"2";"1";"3"
"P15";"22";"weiblich";"Triangle";"JodyPrody_Triangle_09";"4";"2";"1";"2";"2";"3"
"P15";"22";"weiblich";"Triangle";"JodyPrody_Triangle_10";"4";"1";"1";"2";"1";"1"
"P16";"21";"mÃ¤nnlich";"Circles";"JodyPrody_Circles_02";"2";"4";"3";"4";"1";"1"
"P16";"21";"mÃ¤nnlich";"Circles";"JodyPrody_Circles_01";"4";"2";"1";"3";"1";"1"
"P16";"21";"mÃ¤nnlich";"Circles";"JodyPrody_Circles_03";"1";"5";"4";"1";"1";"1"
"P16";"21";"mÃ¤nnlich";"Circles";"JodyPrody_Circles_04";"3";"3";"3";"1";"2";"2"
"P16";"21";"mÃ¤nnlich";"Circles";"JodyPrody_Circles_05";"5";"1";"1";"1";"1";"4"
"P16";"21";"mÃ¤nnlich";"Circles";"JodyPrody_Circles_06";"3";"5";"2";"4";"1";"1"
"P16";"21";"mÃ¤nnlich";"Circles";"JodyPrody_Circles_07";"4";"3";"3";"2";"2";"2"
"P16";"21";"mÃ¤nnlich";"Circles";"JodyPrody_Circles_08";"4";"2";"2";"2";"2";"2"
"P16";"21";"mÃ¤nnlich";"Circles";"JodyPrody_Circles_09";"5";"1";"1";"1";"1";"1"
"P16";"21";"mÃ¤nnlich";"Circles";"JodyPrody_Circles_10";"5";"2";"2";"3";"2";"2"
"P16";"21";"mÃ¤nnlich";"Squares";"JodyPrody_Squares_01";"5";"2";"2";"2";"2";"2"
"P16";"21";"mÃ¤nnlich";"Squares";"JodyPrody_Squares_02";"5";"1";"1";"1";"1";"1"
"P16";"21";"mÃ¤nnlich";"Squares";"JodyPrody_Squares_03";"1";"5";"4";"4";"4";"2"
"P16";"21";"mÃ¤nnlich";"Squares";"JodyPrody_Squares_04";"2";"4";"4";"4";"2";"2"
"P16";"21";"mÃ¤nnlich";"Squares";"JodyPrody_Squares_05";"2";"4";"3";"3";"3";"2"
"P16";"21";"mÃ¤nnlich";"Squares";"JodyPrody_Squares_06";"3";"3";"3";"3";"3";"3"
"P16";"21";"mÃ¤nnlich";"Squares";"JodyPrody_Squares_07";"1";"5";"5";"5";"5";"2"
"P16";"21";"mÃ¤nnlich";"Squares";"JodyPrody_Squares_08";"2";"4";"4";"4";"4";"2"
"P16";"21";"mÃ¤nnlich";"Squares";"JodyPrody_Squares_09";"2";"4";"4";"4";"2";"2"
"P16";"21";"mÃ¤nnlich";"Squares";"JodyPrody_Squares_10";"2";"2";"5";"5";"3";"2"
"P16";"21";"mÃ¤nnlich";"Triangle";"JodyPrody_Triangle_01";"3";"3";"3";"3";"3";"3"
"P16";"21";"mÃ¤nnlich";"Triangle";"JodyPrody_Triangle_02";"5";"1";"1";"1";"1";"5"
"P16";"21";"mÃ¤nnlich";"Triangle";"JodyPrody_Triangle_03";"5";"1";"1";"1";"1";"3"
"P16";"21";"mÃ¤nnlich";"Triangle";"JodyPrody_Triangle_04";"4";"1";"3";"1";"2";"4"
"P16";"21";"mÃ¤nnlich";"Triangle";"JodyPrody_Triangle_05";"3";"3";"3";"3";"3";"3"
"P16";"21";"mÃ¤nnlich";"Triangle";"JodyPrody_Triangle_06";"2";"4";"4";"4";"2";"1"
"P16";"21";"mÃ¤nnlich";"Triangle";"JodyPrody_Triangle_07";"3";"4";"4";"2";"2";"2"
"P16";"21";"mÃ¤nnlich";"Triangle";"JodyPrody_Triangle_08";"2";"2";"5";"5";"4";"2"
"P16";"21";"mÃ¤nnlich";"Triangle";"JodyPrody_Triangle_09";"2";"2";"4";"4";"5";"2"
"P16";"21";"mÃ¤nnlich";"Triangle";"JodyPrody_Triangle_10";"3";"3";"3";"5";"4";"4"
"P17";"22";"weiblich";"Circles";"JodyPrody_Circles_02";"4";"2";"4";"2";"1";"2"
"P17";"22";"weiblich";"Circles";"JodyPrody_Circles_01";"5";"2";"1";"3";"1";"2"
"P17";"22";"weiblich";"Circles";"JodyPrody_Circles_03";"5";"2";"1";"1";"1";"1"
"P17";"22";"weiblich";"Circles";"JodyPrody_Circles_04";"3";"1";"2";"3";"1";"5"
"P17";"22";"weiblich";"Circles";"JodyPrody_Circles_05";"4";"3";"2";"3";"1";"3"
"P17";"22";"weiblich";"Circles";"JodyPrody_Circles_06";"5";"1";"1";"1";"1";"1"
"P17";"22";"weiblich";"Circles";"JodyPrody_Circles_07";"5";"1";"1";"2";"1";"3"
"P17";"22";"weiblich";"Circles";"JodyPrody_Circles_08";"5";"1";"1";"1";"1";"1"
"P17";"22";"weiblich";"Circles";"JodyPrody_Circles_09";"5";"1";"1";"1";"1";"3"
"P17";"22";"weiblich";"Circles";"JodyPrody_Circles_10";"4";"2";"1";"2";"1";"2"
"P17";"22";"weiblich";"Squares";"JodyPrody_Squares_01";"5";"3";"1";"2";"1";"2"
"P17";"22";"weiblich";"Squares";"JodyPrody_Squares_02";"2";"3";"5";"5";"1";"4"
"P17";"22";"weiblich";"Squares";"JodyPrody_Squares_03";"2";"4";"2";"5";"1";"1"
"P17";"22";"weiblich";"Squares";"JodyPrody_Squares_04";"4";"3";"2";"3";"1";"1"
"P17";"22";"weiblich";"Squares";"JodyPrody_Squares_05";"1";"4";"5";"5";"1";"2"
"P17";"22";"weiblich";"Squares";"JodyPrody_Squares_06";"3";"4";"2";"4";"1";"3"
"P17";"22";"weiblich";"Squares";"JodyPrody_Squares_07";"1";"5";"3";"5";"1";"3"
"P17";"22";"weiblich";"Squares";"JodyPrody_Squares_08";"4";"1";"2";"4";"1";"2"
"P17";"22";"weiblich";"Squares";"JodyPrody_Squares_09";"2";"5";"1";"4";"1";"2"
"P17";"22";"weiblich";"Squares";"JodyPrody_Squares_10";"3";"4";"4";"5";"1";"4"
"P17";"22";"weiblich";"Triangle";"JodyPrody_Triangle_01";"1";"5";"5";"5";"1";"2"
"P17";"22";"weiblich";"Triangle";"JodyPrody_Triangle_02";"5";"1";"1";"1";"1";"1"
"P17";"22";"weiblich";"Triangle";"JodyPrody_Triangle_03";"5";"1";"1";"1";"1";"1"
"P17";"22";"weiblich";"Triangle";"JodyPrody_Triangle_04";"4";"3";"1";"3";"1";"5"
"P17";"22";"weiblich";"Triangle";"JodyPrody_Triangle_05";"2";"3";"4";"5";"4";"4"
"P17";"22";"weiblich";"Triangle";"JodyPrody_Triangle_06";"2";"4";"4";"5";"2";"3"
"P17";"22";"weiblich";"Triangle";"JodyPrody_Triangle_07";"2";"3";"5";"4";"1";"4"
"P17";"22";"weiblich";"Triangle";"JodyPrody_Triangle_08";"3";"2";"1";"2";"1";"3"
"P17";"22";"weiblich";"Triangle";"JodyPrody_Triangle_09";"4";"3";"2";"4";"1";"3"
"P17";"22";"weiblich";"Triangle";"JodyPrody_Triangle_10";"5";"1";"1";"1";"1";"1"
"P18";"25";"weiblich";"Circles";"JodyPrody_Circles_02";"1";"2";"5";"5";"2";"1"
"P18";"25";"weiblich";"Circles";"JodyPrody_Circles_01";"4";"1";"1";"1";"1";"2"
"P18";"25";"weiblich";"Circles";"JodyPrody_Circles_03";"5";"1";"1";"1";"1";"1"
"P18";"25";"weiblich";"Circles";"JodyPrody_Circles_04";"3";"1";"2";"3";"1";"4"
"P18";"25";"weiblich";"Circles";"JodyPrody_Circles_05";"1";"1";"3";"5";"1";"2"
"P18";"25";"weiblich";"Circles";"JodyPrody_Circles_06";"3";"2";"1";"1";"1";"1"
"P18";"25";"weiblich";"Circles";"JodyPrody_Circles_07";"2";"1";"2";"4";"1";"1"
"P18";"25";"weiblich";"Circles";"JodyPrody_Circles_08";"4";"1";"1";"1";"1";"2"
"P18";"25";"weiblich";"Circles";"JodyPrody_Circles_09";"4";"1";"1";"1";"1";"2"
"P18";"25";"weiblich";"Circles";"JodyPrody_Circles_10";"3";"1";"1";"1";"1";"3"
"P18";"25";"weiblich";"Squares";"JodyPrody_Squares_01";"3";"2";"2";"2";"1";"2"
"P18";"25";"weiblich";"Squares";"JodyPrody_Squares_02";"2";"2";"3";"2";"1";"2"
"P18";"25";"weiblich";"Squares";"JodyPrody_Squares_03";"2";"4";"1";"2";"1";"1"
"P18";"25";"weiblich";"Squares";"JodyPrody_Squares_04";"2";"1";"1";"1";"1";"1"
"P18";"25";"weiblich";"Squares";"JodyPrody_Squares_05";"1";"2";"3";"3";"1";"2"
"P18";"25";"weiblich";"Squares";"JodyPrody_Squares_06";"3";"1";"1";"1";"1";"3"
"P18";"25";"weiblich";"Squares";"JodyPrody_Squares_07";"1";"2";"1";"2";"1";"4"
"P18";"25";"weiblich";"Squares";"JodyPrody_Squares_08";"2";"2";"1";"1";"1";"1"
"P18";"25";"weiblich";"Squares";"JodyPrody_Squares_09";"1";"3";"1";"3";"2";"1"
"P18";"25";"weiblich";"Squares";"JodyPrody_Squares_10";"1";"1";"1";"5";"1";"4"
"P18";"25";"weiblich";"Triangle";"JodyPrody_Triangle_01";"1";"2";"5";"5";"1";"1"
"P18";"25";"weiblich";"Triangle";"JodyPrody_Triangle_02";"5";"1";"1";"1";"1";"1"
"P18";"25";"weiblich";"Triangle";"JodyPrody_Triangle_03";"5";"1";"1";"1";"1";"4"
"P18";"25";"weiblich";"Triangle";"JodyPrody_Triangle_04";"4";"2";"1";"1";"1";"1"
"P18";"25";"weiblich";"Triangle";"JodyPrody_Triangle_05";"1";"2";"2";"2";"1";"1"
"P18";"25";"weiblich";"Triangle";"JodyPrody_Triangle_06";"1";"3";"2";"2";"1";"1"
"P18";"25";"weiblich";"Triangle";"JodyPrody_Triangle_07";"1";"2";"4";"2";"1";"1"
"P18";"25";"weiblich";"Triangle";"JodyPrody_Triangle_08";"4";"1";"1";"1";"1";"1"
"P18";"25";"weiblich";"Triangle";"JodyPrody_Triangle_09";"2";"3";"1";"2";"1";"1"
"P18";"25";"weiblich";"Triangle";"JodyPrody_Triangle_10";"5";"1";"1";"1";"1";"1"
"P19";"45";"weiblich";"Circles";"JodyPrody_Circles_02";"4";"2";"1";"1";"1";"2"
"P19";"45";"weiblich";"Circles";"JodyPrody_Circles_01";"5";"1";"1";"1";"1";"2"
"P19";"45";"weiblich";"Circles";"JodyPrody_Circles_03";"4";"1";"1";"1";"1";"1"
"P19";"45";"weiblich";"Circles";"JodyPrody_Circles_04";"4";"2";"1";"1";"1";"2"
"P19";"45";"weiblich";"Circles";"JodyPrody_Circles_05";"5";"2";"1";"1";"1";"2"
"P19";"45";"weiblich";"Circles";"JodyPrody_Circles_06";"5";"2";"1";"1";"1";"1"
"P19";"45";"weiblich";"Circles";"JodyPrody_Circles_07";"3";"3";"1";"1";"1";"2"
"P19";"45";"weiblich";"Circles";"JodyPrody_Circles_08";"5";"2";"1";"1";"1";"1"
"P19";"45";"weiblich";"Circles";"JodyPrody_Circles_09";"5";"2";"2";"1";"1";"2"
"P19";"45";"weiblich";"Circles";"JodyPrody_Circles_10";"3";"1";"1";"1";"1";"2"
"P19";"45";"weiblich";"Squares";"JodyPrody_Squares_01";"3";"2";"1";"1";"1";"2"
"P19";"45";"weiblich";"Squares";"JodyPrody_Squares_02";"5";"1";"1";"1";"1";"5"
"P19";"45";"weiblich";"Squares";"JodyPrody_Squares_03";"4";"2";"1";"1";"1";"2"
"P19";"45";"weiblich";"Squares";"JodyPrody_Squares_04";"4";"2";"1";"1";"1";"2"
"P19";"45";"weiblich";"Squares";"JodyPrody_Squares_05";"4";"1";"1";"1";"1";"5"
"P19";"45";"weiblich";"Squares";"JodyPrody_Squares_06";"3";"1";"1";"1";"1";"2"
"P19";"45";"weiblich";"Squares";"JodyPrody_Squares_07";"3";"3";"1";"1";"1";"2"
"P19";"45";"weiblich";"Squares";"JodyPrody_Squares_08";"3";"2";"2";"2";"1";"2"
"P19";"45";"weiblich";"Squares";"JodyPrody_Squares_09";"4";"2";"1";"1";"1";"2"
"P19";"45";"weiblich";"Squares";"JodyPrody_Squares_10";"3";"1";"1";"1";"1";"5"
"P19";"45";"weiblich";"Triangle";"JodyPrody_Triangle_01";"5";"1";"1";"1";"1";"5"
"P19";"45";"weiblich";"Triangle";"JodyPrody_Triangle_02";"5";"1";"1";"1";"1";"2"
"P19";"45";"weiblich";"Triangle";"JodyPrody_Triangle_03";"5";"1";"1";"1";"1";"2"
"P19";"45";"weiblich";"Triangle";"JodyPrody_Triangle_04";"3";"1";"1";"1";"1";"2"
"P19";"45";"weiblich";"Triangle";"JodyPrody_Triangle_05";"2";"2";"1";"1";"1";"2"
"P19";"45";"weiblich";"Triangle";"JodyPrody_Triangle_06";"3";"1";"1";"1";"1";"1"
"P19";"45";"weiblich";"Triangle";"JodyPrody_Triangle_07";"3";"2";"1";"1";"1";"2"
"P19";"45";"weiblich";"Triangle";"JodyPrody_Triangle_08";"5";"1";"1";"1";"1";"3"
"P19";"45";"weiblich";"Triangle";"JodyPrody_Triangle_09";"5";"3";"1";"1";"1";"2"
"P19";"45";"weiblich";"Triangle";"JodyPrody_Triangle_10";"3";"2";"1";"1";"1";"2"
"P20";"24";"weiblich";"Circles";"JodyPrody_Circles_02";"2";"4";"5";"5";"1";"3"
"P20";"24";"weiblich";"Circles";"JodyPrody_Circles_01";"4";"1";"1";"2";"1";"3"
"P20";"24";"weiblich";"Circles";"JodyPrody_Circles_03";"5";"1";"1";"1";"1";"3"
"P20";"24";"weiblich";"Circles";"JodyPrody_Circles_04";"4";"2";"1";"4";"1";"4"
"P20";"24";"weiblich";"Circles";"JodyPrody_Circles_05";"3";"4";"1";"4";"2";"5"
"P20";"24";"weiblich";"Circles";"JodyPrody_Circles_06";"3";"4";"1";"3";"1";"4"
"P20";"24";"weiblich";"Circles";"JodyPrody_Circles_07";"4";"2";"4";"4";"1";"3"
"P20";"24";"weiblich";"Circles";"JodyPrody_Circles_08";"4";"1";"1";"1";"1";"1"
"P20";"24";"weiblich";"Circles";"JodyPrody_Circles_09";"3";"1";"1";"3";"1";"4"
"P20";"24";"weiblich";"Circles";"JodyPrody_Circles_10";"4";"1";"1";"1";"1";"3"
"P20";"24";"weiblich";"Squares";"JodyPrody_Squares_01";"3";"1";"5";"3";"1";"2"
"P20";"24";"weiblich";"Squares";"JodyPrody_Squares_02";"4";"4";"4";"4";"1";"5"
"P20";"24";"weiblich";"Squares";"JodyPrody_Squares_03";"1";"4";"1";"3";"1";"3"
"P20";"24";"weiblich";"Squares";"JodyPrody_Squares_04";"1";"5";"1";"4";"1";"2"
"P20";"24";"weiblich";"Squares";"JodyPrody_Squares_05";"2";"5";"2";"4";"1";"5"
"P20";"24";"weiblich";"Squares";"JodyPrody_Squares_06";"1";"5";"2";"4";"1";"1"
"P20";"24";"weiblich";"Squares";"JodyPrody_Squares_07";"1";"5";"1";"5";"1";"3"
"P20";"24";"weiblich";"Squares";"JodyPrody_Squares_08";"1";"5";"5";"5";"3";"1"
"P20";"24";"weiblich";"Squares";"JodyPrody_Squares_09";"1";"4";"1";"5";"3";"1"
"P20";"24";"weiblich";"Squares";"JodyPrody_Squares_10";"3";"2";"1";"2";"2";"5"
"P20";"24";"weiblich";"Triangle";"JodyPrody_Triangle_01";"1";"1";"5";"3";"3";"2"
"P20";"24";"weiblich";"Triangle";"JodyPrody_Triangle_02";"5";"1";"1";"1";"1";"1"
"P20";"24";"weiblich";"Triangle";"JodyPrody_Triangle_03";"5";"1";"1";"1";"1";"3"
"P20";"24";"weiblich";"Triangle";"JodyPrody_Triangle_04";"2";"4";"4";"3";"2";"1"
"P20";"24";"weiblich";"Triangle";"JodyPrody_Triangle_05";"1";"5";"5";"5";"3";"3"
"P20";"24";"weiblich";"Triangle";"JodyPrody_Triangle_06";"2";"4";"5";"4";"2";"1"
"P20";"24";"weiblich";"Triangle";"JodyPrody_Triangle_07";"4";"2";"5";"3";"1";"3"
"P20";"24";"weiblich";"Triangle";"JodyPrody_Triangle_08";"5";"3";"1";"1";"1";"4"
"P20";"24";"weiblich";"Triangle";"JodyPrody_Triangle_09";"2";"4";"2";"2";"3";"5"
"P20";"24";"weiblich";"Triangle";"JodyPrody_Triangle_10";"5";"1";"1";"2";"1";"1"
"P21";"25";"mÃ¤nnlich";"Circles";"JodyPrody_Circles_02";"4";"2";"1";"1";"2";"4"
"P21";"25";"mÃ¤nnlich";"Circles";"JodyPrody_Circles_01";"3";"1";"1";"1";"1";"5"
"P21";"25";"mÃ¤nnlich";"Circles";"JodyPrody_Circles_03";"5";"1";"1";"1";"1";"4"
"P21";"25";"mÃ¤nnlich";"Circles";"JodyPrody_Circles_04";"4";"1";"2";"2";"2";"4"
"P21";"25";"mÃ¤nnlich";"Circles";"JodyPrody_Circles_05";"5";"2";"1";"3";"1";"3"
"P21";"25";"mÃ¤nnlich";"Circles";"JodyPrody_Circles_06";"3";"3";"1";"2";"1";"3"
"P21";"25";"mÃ¤nnlich";"Circles";"JodyPrody_Circles_07";"3";"3";"1";"3";"1";"3"
"P21";"25";"mÃ¤nnlich";"Circles";"JodyPrody_Circles_08";"5";"1";"1";"1";"1";"2"
"P21";"25";"mÃ¤nnlich";"Circles";"JodyPrody_Circles_09";"3";"2";"1";"2";"1";"3"
"P21";"25";"mÃ¤nnlich";"Circles";"JodyPrody_Circles_10";"5";"1";"1";"2";"1";"2"
"P21";"25";"mÃ¤nnlich";"Squares";"JodyPrody_Squares_01";"3";"1";"1";"1";"1";"5"
"P21";"25";"mÃ¤nnlich";"Squares";"JodyPrody_Squares_02";"4";"1";"3";"2";"1";"2"
"P21";"25";"mÃ¤nnlich";"Squares";"JodyPrody_Squares_03";"4";"2";"1";"2";"2";"1"
"P21";"25";"mÃ¤nnlich";"Squares";"JodyPrody_Squares_04";"4";"2";"1";"1";"2";"2"
"P21";"25";"mÃ¤nnlich";"Squares";"JodyPrody_Squares_05";"2";"2";"1";"2";"2";"5"
"P21";"25";"mÃ¤nnlich";"Squares";"JodyPrody_Squares_06";"2";"3";"1";"2";"2";"3"
"P21";"25";"mÃ¤nnlich";"Squares";"JodyPrody_Squares_07";"1";"3";"2";"3";"2";"2"
"P21";"25";"mÃ¤nnlich";"Squares";"JodyPrody_Squares_08";"1";"2";"4";"2";"2";"1"
"P21";"25";"mÃ¤nnlich";"Squares";"JodyPrody_Squares_09";"4";"1";"2";"1";"2";"1"
"P21";"25";"mÃ¤nnlich";"Squares";"JodyPrody_Squares_10";"4";"2";"1";"3";"1";"4"
"P21";"25";"mÃ¤nnlich";"Triangle";"JodyPrody_Triangle_01";"2";"1";"1";"1";"1";"5"
"P21";"25";"mÃ¤nnlich";"Triangle";"JodyPrody_Triangle_02";"4";"2";"1";"2";"1";"2"
"P21";"25";"mÃ¤nnlich";"Triangle";"JodyPrody_Triangle_03";"3";"1";"1";"2";"1";"4"
"P21";"25";"mÃ¤nnlich";"Triangle";"JodyPrody_Triangle_04";"2";"1";"1";"1";"1";"4"
"P21";"25";"mÃ¤nnlich";"Triangle";"JodyPrody_Triangle_05";"1";"2";"3";"2";"1";"4"
"P21";"25";"mÃ¤nnlich";"Triangle";"JodyPrody_Triangle_06";"2";"2";"1";"1";"2";"4"
"P21";"25";"mÃ¤nnlich";"Triangle";"JodyPrody_Triangle_07";"1";"1";"1";"2";"1";"3"
"P21";"25";"mÃ¤nnlich";"Triangle";"JodyPrody_Triangle_08";"3";"1";"1";"2";"2";"3"
"P21";"25";"mÃ¤nnlich";"Triangle";"JodyPrody_Triangle_09";"4";"2";"1";"2";"1";"2"
"P21";"25";"mÃ¤nnlich";"Triangle";"JodyPrody_Triangle_10";"3";"2";"1";"1";"1";"4"
"P22";"25";"weiblich";"Circles";"JodyPrody_Circles_02";"2";"1";"1";"1";"1";"1"
"P22";"25";"weiblich";"Circles";"JodyPrody_Circles_01";"4";"3";"1";"1";"1";"1"
"P22";"25";"weiblich";"Circles";"JodyPrody_Circles_03";"5";"1";"1";"1";"1";"1"
"P22";"25";"weiblich";"Circles";"JodyPrody_Circles_04";"3";"1";"1";"1";"1";"1"
"P22";"25";"weiblich";"Circles";"JodyPrody_Circles_05";"3";"3";"1";"1";"1";"1"
"P22";"25";"weiblich";"Circles";"JodyPrody_Circles_06";"4";"2";"1";"1";"1";"1"
"P22";"25";"weiblich";"Circles";"JodyPrody_Circles_07";"4";"1";"1";"1";"1";"1"
"P22";"25";"weiblich";"Circles";"JodyPrody_Circles_08";"4";"1";"1";"1";"1";"1"
"P22";"25";"weiblich";"Circles";"JodyPrody_Circles_09";"1";"1";"1";"1";"1";"1"
"P22";"25";"weiblich";"Circles";"JodyPrody_Circles_10";"5";"1";"1";"1";"1";"1"
"P22";"25";"weiblich";"Squares";"JodyPrody_Squares_01";"1";"1";"1";"1";"1";"1"
"P22";"25";"weiblich";"Squares";"JodyPrody_Squares_02";"1";"2";"2";"1";"1";"1"
"P22";"25";"weiblich";"Squares";"JodyPrody_Squares_03";"1";"3";"1";"1";"1";"1"
"P22";"25";"weiblich";"Squares";"JodyPrody_Squares_04";"1";"1";"1";"1";"1";"1"
"P22";"25";"weiblich";"Squares";"JodyPrody_Squares_05";"1";"1";"1";"1";"1";"3"
"P22";"25";"weiblich";"Squares";"JodyPrody_Squares_06";"1";"4";"1";"1";"1";"1"
"P22";"25";"weiblich";"Squares";"JodyPrody_Squares_07";"1";"2";"1";"3";"1";"1"
"P22";"25";"weiblich";"Squares";"JodyPrody_Squares_08";"1";"2";"1";"1";"1";"1"
"P22";"25";"weiblich";"Squares";"JodyPrody_Squares_09";"1";"3";"1";"1";"1";"1"
"P22";"25";"weiblich";"Squares";"JodyPrody_Squares_10";"1";"2";"3";"1";"1";"1"
"P22";"25";"weiblich";"Triangle";"JodyPrody_Triangle_01";"1";"1";"2";"1";"1";"3"
"P22";"25";"weiblich";"Triangle";"JodyPrody_Triangle_02";"4";"1";"1";"1";"1";"1"
"P22";"25";"weiblich";"Triangle";"JodyPrody_Triangle_03";"4";"1";"1";"1";"1";"1"
"P22";"25";"weiblich";"Triangle";"JodyPrody_Triangle_04";"1";"1";"1";"1";"1";"3"
"P22";"25";"weiblich";"Triangle";"JodyPrody_Triangle_05";"1";"1";"3";"1";"1";"1"
"P22";"25";"weiblich";"Triangle";"JodyPrody_Triangle_06";"1";"2";"1";"1";"1";"1"
"P22";"25";"weiblich";"Triangle";"JodyPrody_Triangle_07";"1";"1";"3";"1";"1";"1"
"P22";"25";"weiblich";"Triangle";"JodyPrody_Triangle_08";"1";"1";"2";"1";"1";"3"
"P22";"25";"weiblich";"Triangle";"JodyPrody_Triangle_09";"2";"1";"1";"3";"1";"1"
"P22";"25";"weiblich";"Triangle";"JodyPrody_Triangle_10";"5";"1";"1";"1";"1";"1"
"P23";"26";"weiblich";"Circles";"JodyPrody_Circles_02";"1";"1";"4";"3";"1";"1"
"P23";"26";"weiblich";"Circles";"JodyPrody_Circles_01";"4";"1";"1";"1";"1";"2"
"P23";"26";"weiblich";"Circles";"JodyPrody_Circles_03";"4";"1";"1";"3";"1";"1"
"P23";"26";"weiblich";"Circles";"JodyPrody_Circles_04";"1";"3";"4";"4";"1";"1"
"P23";"26";"weiblich";"Circles";"JodyPrody_Circles_05";"2";"2";"1";"1";"1";"3"
"P23";"26";"weiblich";"Circles";"JodyPrody_Circles_06";"3";"1";"1";"1";"1";"4"
"P23";"26";"weiblich";"Circles";"JodyPrody_Circles_07";"1";"2";"1";"3";"1";"2"
"P23";"26";"weiblich";"Circles";"JodyPrody_Circles_08";"4";"1";"1";"1";"1";"2"
"P23";"26";"weiblich";"Circles";"JodyPrody_Circles_09";"5";"1";"1";"1";"1";"4"
"P23";"26";"weiblich";"Circles";"JodyPrody_Circles_10";"3";"1";"1";"1";"1";"3"
"P23";"26";"weiblich";"Squares";"JodyPrody_Squares_01";"4";"1";"1";"1";"1";"3"
"P23";"26";"weiblich";"Squares";"JodyPrody_Squares_02";"2";"1";"3";"3";"1";"1"
"P23";"26";"weiblich";"Squares";"JodyPrody_Squares_03";"1";"4";"1";"2";"1";"1"
"P23";"26";"weiblich";"Squares";"JodyPrody_Squares_04";"2";"4";"1";"3";"1";"1"
"P23";"26";"weiblich";"Squares";"JodyPrody_Squares_05";"1";"1";"4";"4";"1";"1"
"P23";"26";"weiblich";"Squares";"JodyPrody_Squares_06";"1";"1";"1";"1";"1";"1"
"P23";"26";"weiblich";"Squares";"JodyPrody_Squares_07";"1";"3";"1";"5";"1";"1"
"P23";"26";"weiblich";"Squares";"JodyPrody_Squares_08";"1";"2";"2";"1";"1";"1"
"P23";"26";"weiblich";"Squares";"JodyPrody_Squares_09";"1";"3";"1";"3";"1";"1"
"P23";"26";"weiblich";"Squares";"JodyPrody_Squares_10";"2";"1";"1";"1";"1";"1"
"P23";"26";"weiblich";"Triangle";"JodyPrody_Triangle_01";"1";"1";"3";"3";"1";"1"
"P23";"26";"weiblich";"Triangle";"JodyPrody_Triangle_02";"5";"1";"1";"2";"1";"1"
"P23";"26";"weiblich";"Triangle";"JodyPrody_Triangle_03";"4";"1";"1";"1";"1";"3"
"P23";"26";"weiblich";"Triangle";"JodyPrody_Triangle_04";"4";"1";"1";"1";"1";"1"
"P23";"26";"weiblich";"Triangle";"JodyPrody_Triangle_05";"1";"2";"4";"3";"1";"1"
"P23";"26";"weiblich";"Triangle";"JodyPrody_Triangle_06";"1";"3";"2";"3";"1";"1"
"P23";"26";"weiblich";"Triangle";"JodyPrody_Triangle_07";"1";"1";"4";"3";"1";"1"
"P23";"26";"weiblich";"Triangle";"JodyPrody_Triangle_08";"4";"1";"1";"1";"1";"3"
"P23";"26";"weiblich";"Triangle";"JodyPrody_Triangle_09";"1";"1";"1";"1";"1";"1"
"P23";"26";"weiblich";"Triangle";"JodyPrody_Triangle_10";"4";"1";"1";"1";"1";"2"
"P24";"20";"weiblich";"Circles";"JodyPrody_Circles_02";"2";"1";"3";"1";"4";"1"
"P24";"20";"weiblich";"Circles";"JodyPrody_Circles_01";"2";"1";"1";"1";"1";"4"
"P24";"20";"weiblich";"Circles";"JodyPrody_Circles_03";"5";"1";"1";"1";"1";"4"
"P24";"20";"weiblich";"Circles";"JodyPrody_Circles_04";"1";"1";"1";"1";"1";"3"
"P24";"20";"weiblich";"Circles";"JodyPrody_Circles_05";"1";"3";"1";"2";"1";"3"
"P24";"20";"weiblich";"Circles";"JodyPrody_Circles_06";"1";"1";"1";"3";"1";"4"
"P24";"20";"weiblich";"Circles";"JodyPrody_Circles_07";"2";"4";"1";"4";"1";"1"
"P24";"20";"weiblich";"Circles";"JodyPrody_Circles_08";"5";"1";"1";"1";"1";"1"
"P24";"20";"weiblich";"Circles";"JodyPrody_Circles_09";"3";"1";"1";"1";"1";"2"
"P24";"20";"weiblich";"Circles";"JodyPrody_Circles_10";"2";"1";"1";"1";"2";"1"
"P24";"20";"weiblich";"Squares";"JodyPrody_Squares_01";"1";"1";"1";"1";"1";"4"
"P24";"20";"weiblich";"Squares";"JodyPrody_Squares_02";"1";"1";"4";"1";"1";"2"
"P24";"20";"weiblich";"Squares";"JodyPrody_Squares_03";"2";"1";"1";"1";"1";"1"
"P24";"20";"weiblich";"Squares";"JodyPrody_Squares_04";"2";"1";"1";"1";"5";"3"
"P24";"20";"weiblich";"Squares";"JodyPrody_Squares_05";"1";"1";"1";"1";"1";"5"
"P24";"20";"weiblich";"Squares";"JodyPrody_Squares_06";"1";"2";"1";"1";"1";"1"
"P24";"20";"weiblich";"Squares";"JodyPrody_Squares_07";"1";"4";"1";"5";"1";"1"
"P24";"20";"weiblich";"Squares";"JodyPrody_Squares_08";"4";"1";"1";"1";"1";"1"
"P24";"20";"weiblich";"Squares";"JodyPrody_Squares_09";"3";"1";"1";"1";"1";"1"
"P24";"20";"weiblich";"Squares";"JodyPrody_Squares_10";"1";"1";"1";"4";"2";"3"
"P24";"20";"weiblich";"Triangle";"JodyPrody_Triangle_01";"1";"1";"1";"3";"4";"1"
"P24";"20";"weiblich";"Triangle";"JodyPrody_Triangle_02";"5";"1";"1";"1";"1";"1"
"P24";"20";"weiblich";"Triangle";"JodyPrody_Triangle_03";"5";"1";"1";"1";"1";"3"
"P24";"20";"weiblich";"Triangle";"JodyPrody_Triangle_04";"1";"1";"2";"1";"1";"1"
"P24";"20";"weiblich";"Triangle";"JodyPrody_Triangle_05";"1";"1";"2";"1";"1";"1"
"P24";"20";"weiblich";"Triangle";"JodyPrody_Triangle_06";"3";"1";"1";"1";"1";"1"
"P24";"20";"weiblich";"Triangle";"JodyPrody_Triangle_07";"1";"1";"2";"1";"1";"1"
"P24";"20";"weiblich";"Triangle";"JodyPrody_Triangle_08";"4";"1";"1";"3";"1";"3"
"P24";"20";"weiblich";"Triangle";"JodyPrody_Triangle_09";"4";"1";"1";"2";"1";"2"
"P24";"20";"weiblich";"Triangle";"JodyPrody_Triangle_10";"5";"1";"1";"1";"1";"1"
"P25";"23";"weiblich";"Circles";"JodyPrody_Circles_02";"3";"2";"2";"2";"1";"1"
"P25";"23";"weiblich";"Circles";"JodyPrody_Circles_01";"4";"1";"1";"2";"1";"3"
"P25";"23";"weiblich";"Circles";"JodyPrody_Circles_03";"4";"3";"1";"1";"1";"1"
"P25";"23";"weiblich";"Circles";"JodyPrody_Circles_04";"4";"2";"1";"1";"1";"4"
"P25";"23";"weiblich";"Circles";"JodyPrody_Circles_05";"3";"4";"4";"3";"1";"5"
"P25";"23";"weiblich";"Circles";"JodyPrody_Circles_06";"3";"2";"1";"1";"1";"1"
"P25";"23";"weiblich";"Circles";"JodyPrody_Circles_07";"4";"2";"1";"1";"1";"4"
"P25";"23";"weiblich";"Circles";"JodyPrody_Circles_08";"4";"1";"1";"1";"1";"1"
"P25";"23";"weiblich";"Circles";"JodyPrody_Circles_09";"4";"3";"1";"1";"1";"3"
"P25";"23";"weiblich";"Circles";"JodyPrody_Circles_10";"4";"2";"2";"1";"1";"3"
"P25";"23";"weiblich";"Squares";"JodyPrody_Squares_01";"2";"3";"1";"1";"1";"1"
"P25";"23";"weiblich";"Squares";"JodyPrody_Squares_02";"3";"1";"3";"4";"1";"3"
"P25";"23";"weiblich";"Squares";"JodyPrody_Squares_03";"2";"5";"1";"3";"1";"2"
"P25";"23";"weiblich";"Squares";"JodyPrody_Squares_04";"3";"4";"2";"2";"1";"2"
"P25";"23";"weiblich";"Squares";"JodyPrody_Squares_05";"2";"2";"1";"1";"1";"5"
"P25";"23";"weiblich";"Squares";"JodyPrody_Squares_06";"1";"2";"2";"4";"2";"1"
"P25";"23";"weiblich";"Squares";"JodyPrody_Squares_07";"2";"4";"1";"4";"2";"5"
"P25";"23";"weiblich";"Squares";"JodyPrody_Squares_08";"2";"4";"4";"3";"3";"2"
"P25";"23";"weiblich";"Squares";"JodyPrody_Squares_09";"1";"4";"3";"3";"1";"4"
"P25";"23";"weiblich";"Squares";"JodyPrody_Squares_10";"2";"3";"1";"4";"3";"5"
"P25";"23";"weiblich";"Triangle";"JodyPrody_Triangle_01";"1";"1";"4";"2";"2";"2"
"P25";"23";"weiblich";"Triangle";"JodyPrody_Triangle_02";"4";"2";"2";"1";"1";"2"
"P25";"23";"weiblich";"Triangle";"JodyPrody_Triangle_03";"5";"3";"2";"3";"1";"2"
"P25";"23";"weiblich";"Triangle";"JodyPrody_Triangle_04";"1";"3";"1";"1";"1";"1"
"P25";"23";"weiblich";"Triangle";"JodyPrody_Triangle_05";"1";"1";"2";"1";"2";"1"
"P25";"23";"weiblich";"Triangle";"JodyPrody_Triangle_06";"1";"2";"3";"1";"2";"1"
"P25";"23";"weiblich";"Triangle";"JodyPrody_Triangle_07";"2";"1";"3";"2";"1";"1"
"P25";"23";"weiblich";"Triangle";"JodyPrody_Triangle_08";"2";"3";"1";"3";"1";"1"
"P25";"23";"weiblich";"Triangle";"JodyPrody_Triangle_09";"1";"3";"1";"4";"2";"4"
"P25";"23";"weiblich";"Triangle";"JodyPrody_Triangle_10";"4";"2";"1";"1";"1";"2"
"P26";"37";"weiblich";"Circles";"JodyPrody_Circles_02";"4";"1";"1";"1";"1";"3"
"P26";"37";"weiblich";"Circles";"JodyPrody_Circles_01";"4";"1";"1";"1";"1";"5"
"P26";"37";"weiblich";"Circles";"JodyPrody_Circles_03";"4";"3";"1";"3";"1";"1"
"P26";"37";"weiblich";"Circles";"JodyPrody_Circles_04";"4";"1";"1";"2";"1";"4"
"P26";"37";"weiblich";"Circles";"JodyPrody_Circles_05";"2";"4";"3";"2";"2";"2"
"P26";"37";"weiblich";"Circles";"JodyPrody_Circles_06";"4";"2";"1";"3";"1";"1"
"P26";"37";"weiblich";"Circles";"JodyPrody_Circles_07";"4";"2";"2";"2";"1";"4"
"P26";"37";"weiblich";"Circles";"JodyPrody_Circles_08";"3";"2";"2";"2";"2";"3"
"P26";"37";"weiblich";"Circles";"JodyPrody_Circles_09";"4";"3";"2";"4";"2";"3"
"P26";"37";"weiblich";"Circles";"JodyPrody_Circles_10";"5";"2";"2";"3";"2";"5"
"P26";"37";"weiblich";"Squares";"JodyPrody_Squares_01";"4";"2";"2";"2";"1";"4"
"P26";"37";"weiblich";"Squares";"JodyPrody_Squares_02";"4";"2";"3";"3";"2";"4"
"P26";"37";"weiblich";"Squares";"JodyPrody_Squares_03";"2";"4";"4";"4";"3";"4"
"P26";"37";"weiblich";"Squares";"JodyPrody_Squares_04";"4";"2";"3";"2";"1";"4"
"P26";"37";"weiblich";"Squares";"JodyPrody_Squares_05";"2";"4";"4";"4";"2";"4"
"P26";"37";"weiblich";"Squares";"JodyPrody_Squares_06";"2";"4";"3";"3";"3";"4"
"P26";"37";"weiblich";"Squares";"JodyPrody_Squares_07";"1";"5";"4";"5";"1";"2"
"P26";"37";"weiblich";"Squares";"JodyPrody_Squares_08";"4";"1";"2";"1";"4";"4"
"P26";"37";"weiblich";"Squares";"JodyPrody_Squares_09";"3";"3";"4";"4";"3";"3"
"P26";"37";"weiblich";"Squares";"JodyPrody_Squares_10";"2";"4";"3";"4";"3";"4"
"P26";"37";"weiblich";"Triangle";"JodyPrody_Triangle_01";"3";"2";"2";"3";"3";"1"
"P26";"37";"weiblich";"Triangle";"JodyPrody_Triangle_02";"5";"1";"1";"3";"1";"3"
"P26";"37";"weiblich";"Triangle";"JodyPrody_Triangle_03";"4";"2";"3";"3";"1";"4"
"P26";"37";"weiblich";"Triangle";"JodyPrody_Triangle_04";"4";"3";"1";"3";"1";"3"
"P26";"37";"weiblich";"Triangle";"JodyPrody_Triangle_05";"2";"3";"4";"4";"3";"4"
"P26";"37";"weiblich";"Triangle";"JodyPrody_Triangle_06";"4";"2";"3";"3";"2";"4"
"P26";"37";"weiblich";"Triangle";"JodyPrody_Triangle_07";"4";"2";"4";"4";"3";"5"
"P26";"37";"weiblich";"Triangle";"JodyPrody_Triangle_08";"5";"5";"2";"2";"1";"3"
"P26";"37";"weiblich";"Triangle";"JodyPrody_Triangle_09";"3";"4";"3";"4";"3";"4"
"P26";"37";"weiblich";"Triangle";"JodyPrody_Triangle_10";"5";"3";"1";"3";"1";"1"
"P27";"23";"mÃ¤nnlich";"Circles";"JodyPrody_Circles_02";"2";"2";"2";"4";"3";"4"
"P27";"23";"mÃ¤nnlich";"Circles";"JodyPrody_Circles_01";"4";"2";"1";"1";"2";"3"
"P27";"23";"mÃ¤nnlich";"Circles";"JodyPrody_Circles_03";"4";"1";"1";"2";"1";"1"
"P27";"23";"mÃ¤nnlich";"Circles";"JodyPrody_Circles_04";"2";"2";"3";"4";"2";"4"
"P27";"23";"mÃ¤nnlich";"Circles";"JodyPrody_Circles_05";"2";"2";"2";"4";"2";"5"
"P27";"23";"mÃ¤nnlich";"Circles";"JodyPrody_Circles_06";"4";"2";"1";"1";"1";"1"
"P27";"23";"mÃ¤nnlich";"Circles";"JodyPrody_Circles_07";"2";"2";"1";"4";"1";"2"
"P27";"23";"mÃ¤nnlich";"Circles";"JodyPrody_Circles_08";"5";"1";"1";"1";"1";"1"
"P27";"23";"mÃ¤nnlich";"Circles";"JodyPrody_Circles_09";"4";"2";"1";"1";"2";"2"
"P27";"23";"mÃ¤nnlich";"Circles";"JodyPrody_Circles_10";"4";"1";"1";"1";"1";"1"
"P27";"23";"mÃ¤nnlich";"Squares";"JodyPrody_Squares_01";"3";"1";"1";"1";"1";"1"
"P27";"23";"mÃ¤nnlich";"Squares";"JodyPrody_Squares_02";"2";"1";"3";"1";"1";"3"
"P27";"23";"mÃ¤nnlich";"Squares";"JodyPrody_Squares_03";"1";"3";"2";"2";"2";"1"
"P27";"23";"mÃ¤nnlich";"Squares";"JodyPrody_Squares_04";"4";"2";"1";"1";"1";"1"
"P27";"23";"mÃ¤nnlich";"Squares";"JodyPrody_Squares_05";"3";"1";"2";"3";"2";"3"
"P27";"23";"mÃ¤nnlich";"Squares";"JodyPrody_Squares_06";"3";"1";"1";"2";"1";"3"
"P27";"23";"mÃ¤nnlich";"Squares";"JodyPrody_Squares_07";"1";"4";"2";"4";"2";"4"
"P27";"23";"mÃ¤nnlich";"Squares";"JodyPrody_Squares_08";"1";"3";"2";"1";"1";"2"
"P27";"23";"mÃ¤nnlich";"Squares";"JodyPrody_Squares_09";"1";"3";"1";"2";"1";"2"
"P27";"23";"mÃ¤nnlich";"Squares";"JodyPrody_Squares_10";"1";"1";"4";"3";"2";"5"
"P27";"23";"mÃ¤nnlich";"Triangle";"JodyPrody_Triangle_01";"1";"1";"1";"4";"2";"5"
"P27";"23";"mÃ¤nnlich";"Triangle";"JodyPrody_Triangle_02";"5";"1";"1";"2";"2";"1"
"P27";"23";"mÃ¤nnlich";"Triangle";"JodyPrody_Triangle_03";"4";"1";"1";"2";"2";"4"
"P27";"23";"mÃ¤nnlich";"Triangle";"JodyPrody_Triangle_04";"1";"2";"2";"5";"1";"5"
"P27";"23";"mÃ¤nnlich";"Triangle";"JodyPrody_Triangle_05";"4";"2";"1";"3";"2";"2"
"P27";"23";"mÃ¤nnlich";"Triangle";"JodyPrody_Triangle_06";"2";"2";"4";"4";"1";"4"
"P27";"23";"mÃ¤nnlich";"Triangle";"JodyPrody_Triangle_07";"3";"2";"2";"2";"1";"3"
"P27";"23";"mÃ¤nnlich";"Triangle";"JodyPrody_Triangle_08";"4";"1";"2";"1";"1";"4"
"P27";"23";"mÃ¤nnlich";"Triangle";"JodyPrody_Triangle_09";"4";"1";"1";"2";"1";"4"
"P27";"23";"mÃ¤nnlich";"Triangle";"JodyPrody_Triangle_10";"4";"2";"1";"2";"1";"2"
"P28";"21";"weiblich";"Circles";"JodyPrody_Circles_02";"2";"2";"3";"4";"2";"4"
"P28";"21";"weiblich";"Circles";"JodyPrody_Circles_01";"5";"2";"1";"1";"1";"3"
"P28";"21";"weiblich";"Circles";"JodyPrody_Circles_03";"5";"3";"1";"2";"1";"2"
"P28";"21";"weiblich";"Circles";"JodyPrody_Circles_04";"4";"2";"2";"5";"4";"5"
"P28";"21";"weiblich";"Circles";"JodyPrody_Circles_05";"4";"2";"2";"4";"1";"5"
"P28";"21";"weiblich";"Circles";"JodyPrody_Circles_06";"4";"3";"1";"2";"1";"4"
"P28";"21";"weiblich";"Circles";"JodyPrody_Circles_07";"3";"4";"2";"1";"1";"2"
"P28";"21";"weiblich";"Circles";"JodyPrody_Circles_08";"5";"2";"1";"1";"1";"1"
"P28";"21";"weiblich";"Circles";"JodyPrody_Circles_09";"5";"1";"1";"1";"1";"1"
"P28";"21";"weiblich";"Circles";"JodyPrody_Circles_10";"4";"1";"1";"1";"1";"1"
"P28";"21";"weiblich";"Squares";"JodyPrody_Squares_01";"2";"1";"4";"1";"2";"3"
"P28";"21";"weiblich";"Squares";"JodyPrody_Squares_02";"1";"3";"4";"5";"3";"4"
"P28";"21";"weiblich";"Squares";"JodyPrody_Squares_03";"3";"4";"2";"4";"4";"4"
"P28";"21";"weiblich";"Squares";"JodyPrody_Squares_04";"1";"4";"3";"4";"4";"3"
"P28";"21";"weiblich";"Squares";"JodyPrody_Squares_05";"1";"1";"1";"3";"4";"4"
"P28";"21";"weiblich";"Squares";"JodyPrody_Squares_06";"2";"2";"2";"3";"2";"1"
"P28";"21";"weiblich";"Squares";"JodyPrody_Squares_07";"1";"3";"3";"4";"3";"4"
"P28";"21";"weiblich";"Squares";"JodyPrody_Squares_08";"1";"3";"4";"2";"4";"2"
"P28";"21";"weiblich";"Squares";"JodyPrody_Squares_09";"1";"4";"2";"2";"2";"1"
"P28";"21";"weiblich";"Squares";"JodyPrody_Squares_10";"1";"1";"1";"3";"2";"5"
"P28";"21";"weiblich";"Triangle";"JodyPrody_Triangle_01";"2";"1";"3";"5";"3";"4"
"P28";"21";"weiblich";"Triangle";"JodyPrody_Triangle_02";"5";"1";"1";"1";"1";"1"
"P28";"21";"weiblich";"Triangle";"JodyPrody_Triangle_03";"4";"1";"1";"1";"1";"1"
"P28";"21";"weiblich";"Triangle";"JodyPrody_Triangle_04";"4";"3";"1";"2";"1";"1"
"P28";"21";"weiblich";"Triangle";"JodyPrody_Triangle_05";"2";"4";"4";"2";"2";"2"
"P28";"21";"weiblich";"Triangle";"JodyPrody_Triangle_06";"2";"3";"5";"4";"3";"4"
"P28";"21";"weiblich";"Triangle";"JodyPrody_Triangle_07";"4";"3";"1";"1";"2";"1"
"P28";"21";"weiblich";"Triangle";"JodyPrody_Triangle_08";"5";"1";"1";"3";"1";"1"
"P28";"21";"weiblich";"Triangle";"JodyPrody_Triangle_09";"5";"1";"1";"1";"1";"4"
"P28";"21";"weiblich";"Triangle";"JodyPrody_Triangle_10";"5";"3";"1";"1";"1";"3"
"P29";"25";"weiblich";"Circles";"JodyPrody_Circles_02";"2";"1";"4";"1";"1";"1"
"P29";"25";"weiblich";"Circles";"JodyPrody_Circles_01";"1";"1";"5";"1";"1";"1"
"P29";"25";"weiblich";"Circles";"JodyPrody_Circles_03";"1";"1";"4";"1";"1";"1"
"P29";"25";"weiblich";"Circles";"JodyPrody_Circles_04";"1";"1";"5";"1";"1";"1"
"P29";"25";"weiblich";"Circles";"JodyPrody_Circles_05";"2";"3";"4";"1";"1";"1"
"P29";"25";"weiblich";"Circles";"JodyPrody_Circles_06";"1";"1";"5";"1";"1";"1"
"P29";"25";"weiblich";"Circles";"JodyPrody_Circles_07";"3";"1";"3";"1";"1";"1"
"P29";"25";"weiblich";"Circles";"JodyPrody_Circles_08";"2";"1";"4";"1";"1";"1"
"P29";"25";"weiblich";"Circles";"JodyPrody_Circles_09";"1";"1";"5";"1";"1";"1"
"P29";"25";"weiblich";"Circles";"JodyPrody_Circles_10";"3";"3";"3";"3";"3";"3"
"P29";"25";"weiblich";"Squares";"JodyPrody_Squares_01";"2";"1";"3";"1";"1";"1"
"P29";"25";"weiblich";"Squares";"JodyPrody_Squares_02";"3";"3";"3";"3";"3";"3"
"P29";"25";"weiblich";"Squares";"JodyPrody_Squares_03";"2";"1";"3";"1";"1";"1"
"P29";"25";"weiblich";"Squares";"JodyPrody_Squares_04";"2";"1";"4";"1";"1";"1"
"P29";"25";"weiblich";"Squares";"JodyPrody_Squares_05";"1";"1";"5";"1";"1";"1"
"P29";"25";"weiblich";"Squares";"JodyPrody_Squares_06";"1";"1";"5";"1";"1";"1"
"P29";"25";"weiblich";"Squares";"JodyPrody_Squares_07";"3";"3";"3";"3";"3";"3"
"P29";"25";"weiblich";"Squares";"JodyPrody_Squares_08";"3";"1";"2";"1";"1";"1"
"P29";"25";"weiblich";"Squares";"JodyPrody_Squares_09";"2";"1";"3";"1";"1";"1"
"P29";"25";"weiblich";"Squares";"JodyPrody_Squares_10";"3";"3";"4";"4";"1";"1"
"P29";"25";"weiblich";"Triangle";"JodyPrody_Triangle_01";"3";"3";"3";"3";"3";"3"
"P29";"25";"weiblich";"Triangle";"JodyPrody_Triangle_02";"4";"1";"2";"1";"1";"4"
"P29";"25";"weiblich";"Triangle";"JodyPrody_Triangle_03";"2";"1";"4";"1";"1";"1"
"P29";"25";"weiblich";"Triangle";"JodyPrody_Triangle_04";"3";"1";"1";"1";"1";"1"
"P29";"25";"weiblich";"Triangle";"JodyPrody_Triangle_05";"1";"1";"4";"1";"1";"1"
"P29";"25";"weiblich";"Triangle";"JodyPrody_Triangle_06";"2";"1";"3";"1";"1";"1"
"P29";"25";"weiblich";"Triangle";"JodyPrody_Triangle_07";"3";"3";"3";"3";"3";"3"
"P29";"25";"weiblich";"Triangle";"JodyPrody_Triangle_08";"1";"1";"5";"1";"1";"1"
"P29";"25";"weiblich";"Triangle";"JodyPrody_Triangle_09";"1";"1";"4";"1";"1";"1"
"P29";"25";"weiblich";"Triangle";"JodyPrody_Triangle_10";"4";"1";"2";"1";"1";"4"
"P30";"23";"weiblich";"Circles";"JodyPrody_Circles_02";"3";"1";"3";"1";"2";"3"
"P30";"23";"weiblich";"Circles";"JodyPrody_Circles_01";"3";"1";"1";"2";"1";"1"
"P30";"23";"weiblich";"Circles";"JodyPrody_Circles_03";"5";"1";"1";"1";"1";"2"
"P30";"23";"weiblich";"Circles";"JodyPrody_Circles_04";"3";"2";"1";"1";"2";"3"
"P30";"23";"weiblich";"Circles";"JodyPrody_Circles_05";"2";"2";"1";"3";"2";"2"
"P30";"23";"weiblich";"Circles";"JodyPrody_Circles_06";"5";"1";"2";"1";"2";"1"
"P30";"23";"weiblich";"Circles";"JodyPrody_Circles_07";"3";"3";"1";"1";"1";"1"
"P30";"23";"weiblich";"Circles";"JodyPrody_Circles_08";"3";"1";"1";"1";"2";"4"
"P30";"23";"weiblich";"Circles";"JodyPrody_Circles_09";"4";"1";"1";"1";"3";"3"
"P30";"23";"weiblich";"Circles";"JodyPrody_Circles_10";"3";"1";"1";"1";"1";"2"
"P30";"23";"weiblich";"Squares";"JodyPrody_Squares_01";"5";"2";"1";"1";"1";"1"
"P30";"23";"weiblich";"Squares";"JodyPrody_Squares_02";"2";"1";"3";"2";"1";"1"
"P30";"23";"weiblich";"Squares";"JodyPrody_Squares_03";"2";"3";"1";"1";"4";"2"
"P30";"23";"weiblich";"Squares";"JodyPrody_Squares_04";"1";"3";"2";"2";"3";"3"
"P30";"23";"weiblich";"Squares";"JodyPrody_Squares_05";"1";"1";"3";"2";"3";"2"
"P30";"23";"weiblich";"Squares";"JodyPrody_Squares_06";"2";"1";"3";"1";"1";"1"
"P30";"23";"weiblich";"Squares";"JodyPrody_Squares_07";"1";"3";"1";"4";"2";"1"
"P30";"23";"weiblich";"Squares";"JodyPrody_Squares_08";"5";"1";"1";"1";"1";"2"
"P30";"23";"weiblich";"Squares";"JodyPrody_Squares_09";"2";"3";"1";"1";"3";"2"
"P30";"23";"weiblich";"Squares";"JodyPrody_Squares_10";"1";"2";"2";"4";"4";"1"
"P30";"23";"weiblich";"Triangle";"JodyPrody_Triangle_01";"1";"2";"4";"5";"4";"2"
"P30";"23";"weiblich";"Triangle";"JodyPrody_Triangle_02";"5";"1";"1";"1";"1";"1"
"P30";"23";"weiblich";"Triangle";"JodyPrody_Triangle_03";"4";"1";"1";"1";"1";"2"
"P30";"23";"weiblich";"Triangle";"JodyPrody_Triangle_04";"3";"2";"1";"1";"1";"1"
"P30";"23";"weiblich";"Triangle";"JodyPrody_Triangle_05";"1";"2";"3";"4";"1";"1"
"P30";"23";"weiblich";"Triangle";"JodyPrody_Triangle_06";"2";"3";"2";"1";"1";"1"
"P30";"23";"weiblich";"Triangle";"JodyPrody_Triangle_07";"2";"3";"4";"2";"1";"1"
"P30";"23";"weiblich";"Triangle";"JodyPrody_Triangle_08";"2";"1";"2";"4";"1";"3"
"P30";"23";"weiblich";"Triangle";"JodyPrody_Triangle_09";"1";"4";"1";"3";"3";"1"
"P30";"23";"weiblich";"Triangle";"JodyPrody_Triangle_10";"5";"2";"1";"1";"1";"1"
"P31";"20";"weiblich";"Circles";"JodyPrody_Circles_02";"1";"3";"2";"4";"3";"1"
"P31";"20";"weiblich";"Circles";"JodyPrody_Circles_01";"3";"2";"1";"1";"1";"2"
"P31";"20";"weiblich";"Circles";"JodyPrody_Circles_03";"4";"2";"2";"2";"2";"2"
"P31";"20";"weiblich";"Circles";"JodyPrody_Circles_04";"2";"1";"4";"3";"4";"1"
"P31";"20";"weiblich";"Circles";"JodyPrody_Circles_05";"1";"4";"3";"4";"1";"1"
"P31";"20";"weiblich";"Circles";"JodyPrody_Circles_06";"3";"1";"1";"5";"1";"2"
"P31";"20";"weiblich";"Circles";"JodyPrody_Circles_07";"4";"2";"3";"2";"2";"2"
"P31";"20";"weiblich";"Circles";"JodyPrody_Circles_08";"4";"1";"1";"1";"1";"1"
"P31";"20";"weiblich";"Circles";"JodyPrody_Circles_09";"4";"1";"1";"1";"1";"3"
"P31";"20";"weiblich";"Circles";"JodyPrody_Circles_10";"4";"1";"1";"1";"1";"1"
"P31";"20";"weiblich";"Squares";"JodyPrody_Squares_01";"1";"1";"1";"1";"1";"1"
"P31";"20";"weiblich";"Squares";"JodyPrody_Squares_02";"4";"1";"1";"1";"1";"1"
"P31";"20";"weiblich";"Squares";"JodyPrody_Squares_03";"1";"4";"3";"2";"2";"2"
"P31";"20";"weiblich";"Squares";"JodyPrody_Squares_04";"2";"3";"3";"2";"1";"1"
"P31";"20";"weiblich";"Squares";"JodyPrody_Squares_05";"1";"2";"1";"1";"1";"1"
"P31";"20";"weiblich";"Squares";"JodyPrody_Squares_06";"1";"1";"4";"4";"1";"3"
"P31";"20";"weiblich";"Squares";"JodyPrody_Squares_07";"1";"2";"1";"3";"2";"5"
"P31";"20";"weiblich";"Squares";"JodyPrody_Squares_08";"1";"4";"3";"2";"1";"1"
"P31";"20";"weiblich";"Squares";"JodyPrody_Squares_09";"1";"4";"2";"3";"1";"1"
"P31";"20";"weiblich";"Squares";"JodyPrody_Squares_10";"4";"1";"1";"3";"1";"1"
"P31";"20";"weiblich";"Triangle";"JodyPrody_Triangle_01";"1";"1";"1";"4";"1";"1"
"P31";"20";"weiblich";"Triangle";"JodyPrody_Triangle_02";"5";"1";"1";"1";"1";"1"
"P31";"20";"weiblich";"Triangle";"JodyPrody_Triangle_03";"4";"2";"1";"4";"1";"1"
"P31";"20";"weiblich";"Triangle";"JodyPrody_Triangle_04";"1";"1";"1";"1";"1";"1"
"P31";"20";"weiblich";"Triangle";"JodyPrody_Triangle_05";"1";"1";"1";"1";"1";"2"
"P31";"20";"weiblich";"Triangle";"JodyPrody_Triangle_06";"1";"1";"2";"3";"1";"1"
"P31";"20";"weiblich";"Triangle";"JodyPrody_Triangle_07";"1";"1";"1";"2";"1";"1"
"P31";"20";"weiblich";"Triangle";"JodyPrody_Triangle_08";"5";"1";"1";"1";"1";"1"
"P31";"20";"weiblich";"Triangle";"JodyPrody_Triangle_09";"3";"1";"1";"3";"1";"3"
"P31";"20";"weiblich";"Triangle";"JodyPrody_Triangle_10";"2";"1";"1";"1";"1";"1"
"P32";"23";"weiblich";"Circles";"JodyPrody_Circles_02";"3";"1";"1";"1";"1";"1"
"P32";"23";"weiblich";"Circles";"JodyPrody_Circles_01";"4";"2";"1";"1";"1";"1"
"P32";"23";"weiblich";"Circles";"JodyPrody_Circles_03";"2";"2";"1";"1";"1";"1"
"P32";"23";"weiblich";"Circles";"JodyPrody_Circles_04";"1";"1";"1";"1";"1";"1"
"P32";"23";"weiblich";"Circles";"JodyPrody_Circles_05";"4";"1";"1";"1";"1";"2"
"P32";"23";"weiblich";"Circles";"JodyPrody_Circles_06";"3";"1";"1";"1";"1";"2"
"P32";"23";"weiblich";"Circles";"JodyPrody_Circles_07";"2";"3";"1";"1";"1";"1"
"P32";"23";"weiblich";"Circles";"JodyPrody_Circles_08";"3";"1";"1";"1";"1";"1"
"P32";"23";"weiblich";"Circles";"JodyPrody_Circles_09";"5";"1";"1";"1";"1";"1"
"P32";"23";"weiblich";"Circles";"JodyPrody_Circles_10";"2";"1";"1";"1";"1";"1"
"P32";"23";"weiblich";"Squares";"JodyPrody_Squares_01";"1";"1";"1";"1";"1";"1"
"P32";"23";"weiblich";"Squares";"JodyPrody_Squares_02";"1";"1";"1";"1";"1";"1"
"P32";"23";"weiblich";"Squares";"JodyPrody_Squares_03";"1";"4";"1";"3";"1";"1"
"P32";"23";"weiblich";"Squares";"JodyPrody_Squares_04";"1";"4";"1";"1";"1";"1"
"P32";"23";"weiblich";"Squares";"JodyPrody_Squares_05";"1";"1";"1";"1";"1";"1"
"P32";"23";"weiblich";"Squares";"JodyPrody_Squares_06";"1";"1";"1";"1";"1";"1"
"P32";"23";"weiblich";"Squares";"JodyPrody_Squares_07";"1";"4";"1";"4";"1";"4"
"P32";"23";"weiblich";"Squares";"JodyPrody_Squares_08";"1";"1";"1";"1";"4";"3"
"P32";"23";"weiblich";"Squares";"JodyPrody_Squares_09";"1";"4";"1";"1";"2";"1"
"P32";"23";"weiblich";"Squares";"JodyPrody_Squares_10";"4";"1";"1";"1";"1";"4"
"P32";"23";"weiblich";"Triangle";"JodyPrody_Triangle_01";"1";"1";"1";"1";"1";"1"
"P32";"23";"weiblich";"Triangle";"JodyPrody_Triangle_02";"5";"1";"1";"1";"1";"1"
"P32";"23";"weiblich";"Triangle";"JodyPrody_Triangle_03";"3";"1";"1";"1";"1";"1"
"P32";"23";"weiblich";"Triangle";"JodyPrody_Triangle_04";"1";"1";"1";"1";"1";"1"
"P32";"23";"weiblich";"Triangle";"JodyPrody_Triangle_05";"1";"4";"1";"1";"1";"1"
"P32";"23";"weiblich";"Triangle";"JodyPrody_Triangle_06";"2";"2";"1";"1";"1";"1"
"P32";"23";"weiblich";"Triangle";"JodyPrody_Triangle_07";"2";"1";"1";"1";"1";"2"
"P32";"23";"weiblich";"Triangle";"JodyPrody_Triangle_08";"4";"1";"1";"1";"1";"1"
"P32";"23";"weiblich";"Triangle";"JodyPrody_Triangle_09";"5";"1";"1";"1";"1";"3"
"P32";"23";"weiblich";"Triangle";"JodyPrody_Triangle_10";"4";"1";"1";"1";"1";"1"
"P33";"25";"weiblich";"Circles";"JodyPrody_Circles_02";"2";"2";"4";"4";"3";"3"
"P33";"25";"weiblich";"Circles";"JodyPrody_Circles_01";"5";"2";"1";"3";"1";"4"
"P33";"25";"weiblich";"Circles";"JodyPrody_Circles_03";"3";"2";"4";"3";"1";"2"
"P33";"25";"weiblich";"Circles";"JodyPrody_Circles_04";"2";"1";"3";"4";"2";"4"
"P33";"25";"weiblich";"Circles";"JodyPrody_Circles_05";"4";"3";"1";"3";"3";"5"
"P33";"25";"weiblich";"Circles";"JodyPrody_Circles_06";"2";"4";"4";"3";"2";"4"
"P33";"25";"weiblich";"Circles";"JodyPrody_Circles_07";"2";"4";"2";"4";"2";"3"
"P33";"25";"weiblich";"Circles";"JodyPrody_Circles_08";"4";"4";"1";"3";"1";"1"
"P33";"25";"weiblich";"Circles";"JodyPrody_Circles_09";"5";"1";"1";"1";"1";"4"
"P33";"25";"weiblich";"Circles";"JodyPrody_Circles_10";"4";"2";"2";"1";"2";"3"
"P33";"25";"weiblich";"Squares";"JodyPrody_Squares_01";"2";"4";"2";"4";"3";"3"
"P33";"25";"weiblich";"Squares";"JodyPrody_Squares_02";"2";"2";"4";"2";"2";"4"
"P33";"25";"weiblich";"Squares";"JodyPrody_Squares_03";"1";"5";"2";"4";"4";"2"
"P33";"25";"weiblich";"Squares";"JodyPrody_Squares_04";"1";"4";"4";"4";"5";"2"
"P33";"25";"weiblich";"Squares";"JodyPrody_Squares_05";"1";"2";"4";"4";"2";"5"
"P33";"25";"weiblich";"Squares";"JodyPrody_Squares_06";"2";"5";"4";"4";"2";"2"
"P33";"25";"weiblich";"Squares";"JodyPrody_Squares_07";"1";"4";"2";"5";"4";"4"
"P33";"25";"weiblich";"Squares";"JodyPrody_Squares_08";"2";"5";"3";"4";"4";"2"
"P33";"25";"weiblich";"Squares";"JodyPrody_Squares_09";"1";"5";"3";"4";"4";"1"
"P33";"25";"weiblich";"Squares";"JodyPrody_Squares_10";"4";"3";"2";"4";"2";"5"
"P33";"25";"weiblich";"Triangle";"JodyPrody_Triangle_01";"3";"3";"5";"2";"4";"5"
"P33";"25";"weiblich";"Triangle";"JodyPrody_Triangle_02";"5";"2";"2";"2";"1";"4"
"P33";"25";"weiblich";"Triangle";"JodyPrody_Triangle_03";"5";"2";"1";"2";"2";"4"
"P33";"25";"weiblich";"Triangle";"JodyPrody_Triangle_04";"2";"4";"2";"3";"2";"3"
"P33";"25";"weiblich";"Triangle";"JodyPrody_Triangle_05";"1";"5";"3";"4";"2";"2"
"P33";"25";"weiblich";"Triangle";"JodyPrody_Triangle_06";"2";"2";"5";"4";"2";"4"
"P33";"25";"weiblich";"Triangle";"JodyPrody_Triangle_07";"3";"3";"4";"2";"2";"4"
"P33";"25";"weiblich";"Triangle";"JodyPrody_Triangle_08";"4";"2";"4";"5";"2";"5"
"P33";"25";"weiblich";"Triangle";"JodyPrody_Triangle_09";"4";"4";"1";"4";"2";"4"
"P33";"25";"weiblich";"Triangle";"JodyPrody_Triangle_10";"5";"5";"1";"2";"1";"3"
"P34";"19";"weiblich";"Circles";"JodyPrody_Circles_02";"2";"4";"1";"1";"1";"1"
"P34";"19";"weiblich";"Circles";"JodyPrody_Circles_01";"3";"2";"3";"1";"1";"1"
"P34";"19";"weiblich";"Circles";"JodyPrody_Circles_03";"4";"2";"2";"2";"1";"2"
"P34";"19";"weiblich";"Circles";"JodyPrody_Circles_04";"4";"1";"3";"4";"1";"2"
"P34";"19";"weiblich";"Circles";"JodyPrody_Circles_05";"3";"4";"1";"4";"1";"2"
"P34";"19";"weiblich";"Circles";"JodyPrody_Circles_06";"2";"4";"1";"3";"1";"2"
"P34";"19";"weiblich";"Circles";"JodyPrody_Circles_07";"3";"4";"2";"4";"1";"1"
"P34";"19";"weiblich";"Circles";"JodyPrody_Circles_08";"4";"3";"1";"1";"1";"4"
"P34";"19";"weiblich";"Circles";"JodyPrody_Circles_09";"5";"1";"1";"1";"2";"4"
"P34";"19";"weiblich";"Circles";"JodyPrody_Circles_10";"4";"1";"1";"1";"2";"2"
"P34";"19";"weiblich";"Squares";"JodyPrody_Squares_01";"3";"4";"3";"4";"3";"2"
"P34";"19";"weiblich";"Squares";"JodyPrody_Squares_02";"4";"1";"4";"1";"1";"3"
"P34";"19";"weiblich";"Squares";"JodyPrody_Squares_03";"2";"4";"2";"3";"3";"2"
"P34";"19";"weiblich";"Squares";"JodyPrody_Squares_04";"2";"4";"2";"1";"3";"1"
"P34";"19";"weiblich";"Squares";"JodyPrody_Squares_05";"2";"3";"1";"4";"2";"5"
"P34";"19";"weiblich";"Squares";"JodyPrody_Squares_06";"2";"4";"1";"2";"1";"1"
"P34";"19";"weiblich";"Squares";"JodyPrody_Squares_07";"1";"3";"2";"4";"3";"4"
"P34";"19";"weiblich";"Squares";"JodyPrody_Squares_08";"2";"4";"4";"4";"4";"2"
"P34";"19";"weiblich";"Squares";"JodyPrody_Squares_09";"1";"5";"2";"4";"3";"2"
"P34";"19";"weiblich";"Squares";"JodyPrody_Squares_10";"4";"2";"1";"2";"1";"3"
"P34";"19";"weiblich";"Triangle";"JodyPrody_Triangle_01";"2";"2";"4";"4";"2";"2"
"P34";"19";"weiblich";"Triangle";"JodyPrody_Triangle_02";"5";"1";"1";"1";"1";"3"
"P34";"19";"weiblich";"Triangle";"JodyPrody_Triangle_03";"4";"1";"1";"1";"1";"4"
"P34";"19";"weiblich";"Triangle";"JodyPrody_Triangle_04";"3";"3";"1";"1";"1";"2"
"P34";"19";"weiblich";"Triangle";"JodyPrody_Triangle_05";"2";"4";"3";"2";"2";"2"
"P34";"19";"weiblich";"Triangle";"JodyPrody_Triangle_06";"2";"2";"4";"4";"3";"2"
"P34";"19";"weiblich";"Triangle";"JodyPrody_Triangle_07";"3";"2";"3";"3";"4";"3"
"P34";"19";"weiblich";"Triangle";"JodyPrody_Triangle_08";"4";"1";"4";"3";"3";"4"
"P34";"19";"weiblich";"Triangle";"JodyPrody_Triangle_09";"3";"2";"2";"4";"3";"4"
"P34";"19";"weiblich";"Triangle";"JodyPrody_Triangle_10";"4";"2";"1";"1";"1";"1"
"P35";"30";"weiblich";"Circles";"JodyPrody_Circles_02";"3";"3";"3";"3";"3";"3"
"P35";"30";"weiblich";"Circles";"JodyPrody_Circles_01";"4";"2";"1";"1";"1";"3"
"P35";"30";"weiblich";"Circles";"JodyPrody_Circles_03";"4";"4";"2";"3";"1";"3"
"P35";"30";"weiblich";"Circles";"JodyPrody_Circles_04";"4";"1";"2";"2";"2";"4"
"P35";"30";"weiblich";"Circles";"JodyPrody_Circles_05";"3";"3";"2";"4";"2";"3"
"P35";"30";"weiblich";"Circles";"JodyPrody_Circles_06";"4";"1";"1";"1";"1";"4"
"P35";"30";"weiblich";"Circles";"JodyPrody_Circles_07";"3";"3";"3";"3";"3";"4"
"P35";"30";"weiblich";"Circles";"JodyPrody_Circles_08";"4";"1";"1";"1";"1";"1"
"P35";"30";"weiblich";"Circles";"JodyPrody_Circles_09";"3";"2";"4";"2";"2";"2"
"P35";"30";"weiblich";"Circles";"JodyPrody_Circles_10";"3";"3";"4";"2";"2";"4"
"P35";"30";"weiblich";"Squares";"JodyPrody_Squares_01";"3";"3";"3";"3";"3";"3"
"P35";"30";"weiblich";"Squares";"JodyPrody_Squares_02";"5";"1";"1";"1";"1";"1"
"P35";"30";"weiblich";"Squares";"JodyPrody_Squares_03";"2";"2";"2";"4";"1";"1"
"P35";"30";"weiblich";"Squares";"JodyPrody_Squares_04";"1";"1";"5";"4";"2";"1"
"P35";"30";"weiblich";"Squares";"JodyPrody_Squares_05";"1";"4";"5";"3";"2";"2"
"P35";"30";"weiblich";"Squares";"JodyPrody_Squares_06";"2";"4";"2";"2";"2";"2"
"P35";"30";"weiblich";"Squares";"JodyPrody_Squares_07";"1";"5";"3";"5";"3";"3"
"P35";"30";"weiblich";"Squares";"JodyPrody_Squares_08";"2";"2";"2";"4";"2";"1"
"P35";"30";"weiblich";"Squares";"JodyPrody_Squares_09";"3";"4";"2";"3";"3";"3"
"P35";"30";"weiblich";"Squares";"JodyPrody_Squares_10";"2";"2";"2";"2";"2";"5"
"P35";"30";"weiblich";"Triangle";"JodyPrody_Triangle_01";"3";"2";"2";"2";"2";"5"
"P35";"30";"weiblich";"Triangle";"JodyPrody_Triangle_02";"5";"1";"1";"2";"1";"3"
"P35";"30";"weiblich";"Triangle";"JodyPrody_Triangle_03";"3";"3";"3";"3";"3";"3"
"P35";"30";"weiblich";"Triangle";"JodyPrody_Triangle_04";"1";"3";"1";"2";"2";"2"
"P35";"30";"weiblich";"Triangle";"JodyPrody_Triangle_05";"2";"2";"2";"2";"2";"3"
"P35";"30";"weiblich";"Triangle";"JodyPrody_Triangle_06";"2";"2";"4";"4";"2";"1"
"P35";"30";"weiblich";"Triangle";"JodyPrody_Triangle_07";"2";"2";"3";"3";"5";"2"
"P35";"30";"weiblich";"Triangle";"JodyPrody_Triangle_08";"5";"1";"1";"2";"1";"4"
"P35";"30";"weiblich";"Triangle";"JodyPrody_Triangle_09";"1";"2";"2";"4";"3";"3"
"P35";"30";"weiblich";"Triangle";"JodyPrody_Triangle_10";"4";"1";"1";"4";"1";"1"
"P36";"20";"mÃ¤nnlich";"Circles";"JodyPrody_Circles_02";"2";"2";"2";"1";"2";"1"
"P36";"20";"mÃ¤nnlich";"Circles";"JodyPrody_Circles_01";"4";"2";"1";"1";"1";"3"
"P36";"20";"mÃ¤nnlich";"Circles";"JodyPrody_Circles_03";"4";"1";"1";"2";"1";"3"
"P36";"20";"mÃ¤nnlich";"Circles";"JodyPrody_Circles_04";"3";"3";"2";"2";"2";"2"
"P36";"20";"mÃ¤nnlich";"Circles";"JodyPrody_Circles_05";"4";"3";"2";"2";"1";"2"
"P36";"20";"mÃ¤nnlich";"Circles";"JodyPrody_Circles_06";"4";"2";"1";"2";"1";"3"
"P36";"20";"mÃ¤nnlich";"Circles";"JodyPrody_Circles_07";"2";"3";"3";"2";"2";"4"
"P36";"20";"mÃ¤nnlich";"Circles";"JodyPrody_Circles_08";"4";"2";"1";"1";"1";"1"
"P36";"20";"mÃ¤nnlich";"Circles";"JodyPrody_Circles_09";"5";"1";"2";"1";"1";"3"
"P36";"20";"mÃ¤nnlich";"Circles";"JodyPrody_Circles_10";"3";"1";"1";"1";"1";"2"
"P36";"20";"mÃ¤nnlich";"Squares";"JodyPrody_Squares_01";"2";"3";"3";"1";"2";"2"
"P36";"20";"mÃ¤nnlich";"Squares";"JodyPrody_Squares_02";"3";"2";"4";"1";"2";"4"
"P36";"20";"mÃ¤nnlich";"Squares";"JodyPrody_Squares_03";"2";"3";"1";"2";"1";"2"
"P36";"20";"mÃ¤nnlich";"Squares";"JodyPrody_Squares_04";"2";"3";"1";"1";"1";"1"
"P36";"20";"mÃ¤nnlich";"Squares";"JodyPrody_Squares_05";"2";"1";"2";"2";"2";"4"
"P36";"20";"mÃ¤nnlich";"Squares";"JodyPrody_Squares_06";"2";"4";"3";"2";"2";"2"
"P36";"20";"mÃ¤nnlich";"Squares";"JodyPrody_Squares_07";"1";"3";"2";"5";"1";"3"
"P36";"20";"mÃ¤nnlich";"Squares";"JodyPrody_Squares_08";"3";"1";"1";"1";"1";"1"
"P36";"20";"mÃ¤nnlich";"Squares";"JodyPrody_Squares_09";"2";"3";"1";"2";"1";"1"
"P36";"20";"mÃ¤nnlich";"Squares";"JodyPrody_Squares_10";"2";"2";"4";"3";"3";"3"
"P36";"20";"mÃ¤nnlich";"Triangle";"JodyPrody_Triangle_01";"2";"2";"3";"3";"4";"2"
"P36";"20";"mÃ¤nnlich";"Triangle";"JodyPrody_Triangle_02";"3";"1";"1";"1";"1";"2"
"P36";"20";"mÃ¤nnlich";"Triangle";"JodyPrody_Triangle_03";"5";"1";"1";"1";"1";"3"
"P36";"20";"mÃ¤nnlich";"Triangle";"JodyPrody_Triangle_04";"2";"4";"2";"2";"1";"2"
"P36";"20";"mÃ¤nnlich";"Triangle";"JodyPrody_Triangle_05";"2";"1";"3";"2";"2";"3"
"P36";"20";"mÃ¤nnlich";"Triangle";"JodyPrody_Triangle_06";"2";"4";"2";"3";"2";"3"
"P36";"20";"mÃ¤nnlich";"Triangle";"JodyPrody_Triangle_07";"4";"2";"3";"2";"1";"3"
"P36";"20";"mÃ¤nnlich";"Triangle";"JodyPrody_Triangle_08";"5";"1";"2";"1";"1";"4"
"P36";"20";"mÃ¤nnlich";"Triangle";"JodyPrody_Triangle_09";"3";"2";"1";"1";"1";"3"
"P36";"20";"mÃ¤nnlich";"Triangle";"JodyPrody_Triangle_10";"2";"1";"1";"1";"1";"2"
"P37";"21";"weiblich";"Circles";"JodyPrody_Circles_02";"3";"1";"1";"1";"1";"1"
"P37";"21";"weiblich";"Circles";"JodyPrody_Circles_01";"5";"1";"1";"1";"1";"1"
"P37";"21";"weiblich";"Circles";"JodyPrody_Circles_03";"4";"1";"1";"1";"1";"1"
"P37";"21";"weiblich";"Circles";"JodyPrody_Circles_04";"4";"1";"1";"1";"1";"2"
"P37";"21";"weiblich";"Circles";"JodyPrody_Circles_05";"4";"1";"1";"1";"1";"3"
"P37";"21";"weiblich";"Circles";"JodyPrody_Circles_06";"3";"1";"1";"1";"1";"4"
"P37";"21";"weiblich";"Circles";"JodyPrody_Circles_07";"3";"2";"1";"1";"1";"1"
"P37";"21";"weiblich";"Circles";"JodyPrody_Circles_08";"4";"1";"1";"1";"1";"1"
"P37";"21";"weiblich";"Circles";"JodyPrody_Circles_09";"5";"1";"1";"1";"1";"1"
"P37";"21";"weiblich";"Circles";"JodyPrody_Circles_10";"4";"1";"1";"1";"1";"1"
"P37";"21";"weiblich";"Squares";"JodyPrody_Squares_01";"1";"1";"1";"1";"1";"1"
"P37";"21";"weiblich";"Squares";"JodyPrody_Squares_02";"1";"1";"1";"1";"1";"1"
"P37";"21";"weiblich";"Squares";"JodyPrody_Squares_03";"3";"1";"1";"1";"1";"1"
"P37";"21";"weiblich";"Squares";"JodyPrody_Squares_04";"5";"1";"1";"1";"1";"1"
"P37";"21";"weiblich";"Squares";"JodyPrody_Squares_05";"3";"1";"1";"1";"1";"1"
"P37";"21";"weiblich";"Squares";"JodyPrody_Squares_06";"1";"1";"1";"1";"1";"1"
"P37";"21";"weiblich";"Squares";"JodyPrody_Squares_07";"1";"4";"1";"1";"1";"2"
"P37";"21";"weiblich";"Squares";"JodyPrody_Squares_08";"4";"1";"1";"1";"1";"1"
"P37";"21";"weiblich";"Squares";"JodyPrody_Squares_09";"4";"1";"1";"1";"1";"1"
"P37";"21";"weiblich";"Squares";"JodyPrody_Squares_10";"4";"1";"1";"1";"1";"2"
"P37";"21";"weiblich";"Triangle";"JodyPrody_Triangle_01";"1";"1";"1";"1";"1";"1"
"P37";"21";"weiblich";"Triangle";"JodyPrody_Triangle_02";"5";"1";"1";"1";"1";"1"
"P37";"21";"weiblich";"Triangle";"JodyPrody_Triangle_03";"5";"1";"1";"1";"1";"2"
"P37";"21";"weiblich";"Triangle";"JodyPrody_Triangle_04";"1";"1";"1";"1";"1";"1"
"P37";"21";"weiblich";"Triangle";"JodyPrody_Triangle_05";"1";"1";"1";"1";"1";"1"
"P37";"21";"weiblich";"Triangle";"JodyPrody_Triangle_06";"1";"1";"1";"1";"1";"1"
"P37";"21";"weiblich";"Triangle";"JodyPrody_Triangle_07";"1";"1";"1";"1";"1";"1"
"P37";"21";"weiblich";"Triangle";"JodyPrody_Triangle_08";"4";"1";"1";"1";"1";"1"
"P37";"21";"weiblich";"Triangle";"JodyPrody_Triangle_09";"5";"1";"1";"1";"1";"2"
"P37";"21";"weiblich";"Triangle";"JodyPrody_Triangle_10";"5";"1";"1";"1";"1";"1"
